fips,county,state,val
45001,Abbeville,South Carolina,61
22001,Acadia,Louisiana,160
51001,Accomack,Virginia,58
16001,Ada,Idaho,33
19001,Adair,Iowa,14
21001,Adair,Kentucky,104
40001,Adair,Oklahoma,49
8001,Adams,Colorado,48
16003,Adams,Idaho,47
17001,Adams,Illinois,22
18001,Adams,Indiana,14
28001,Adams,Mississippi,134
31001,Adams,Nebraska,41
39001,Adams,Ohio,21
42001,Adams,Pennsylvania,26
53001,Adams,Washington,50
55001,Adams,Wisconsin,19
50001,Addison,Vermont,5
45003,Aiken,South Carolina,50
27001,Aitkin,Minnesota,6
12001,Alachua,Florida,26
37001,Alamance,North Carolina,39
6001,Alameda,California,26
8003,Alamosa,Colorado,53
36001,Albany,New York,44
56001,Albany,Wyoming,2
51003,Albemarle,Virginia,20
26001,Alcona,Michigan,19
28003,Alcorn,Mississippi,32
17003,Alexander,Illinois,16
37003,Alexander,North Carolina,24
19005,Allamakee,Iowa,57
26005,Allegan,Michigan,5
24001,Allegany,Maryland,32
36003,Allegany,New York,2
37005,Alleghany,North Carolina,8
51005,Alleghany,Virginia,26
42003,Allegheny,Pennsylvania,32
18003,Allen,Indiana,58
20001,Allen,Kansas,8
21003,Allen,Kentucky,42
22003,Allen,Louisiana,210
39003,Allen,Ohio,71
45005,Allendale,South Carolina,67
26007,Alpena,Michigan,49
6005,Amador,California,40
51007,Amelia,Virginia,46
51009,Amherst,Virginia,12
28005,Amite,Mississippi,105
2020,Anchorage,Alaska,14
21005,Anderson,Kentucky,4
45007,Anderson,South Carolina,96
47001,Anderson,Tennessee,16
48001,Anderson,Texas,65
29003,Andrew,Missouri,22
48003,Andrews,Texas,55
23001,Androscoggin,Maine,9
48005,Angelina,Texas,101
24003,Anne Arundel,Maryland,45
27003,Anoka,Minnesota,41
37007,Anson,North Carolina,32
31003,Antelope,Nebraska,15
4001,Apache,Arizona,233
19007,Appanoose,Iowa,24
13001,Appling,Georgia,189
51011,Appomattox,Virginia,31
48007,Aransas,Texas,75
8005,Arapahoe,Colorado,57
48009,Archer,Texas,11
26011,Arenac,Michigan,19
5001,Arkansas,Arkansas,61
51013,Arlington,Virginia,63
42005,Armstrong,Pennsylvania,29
48011,Armstrong,Texas,52
23003,Aroostook,Maine,1
22005,Ascension,Louisiana,78
37009,Ashe,North Carolina,3
39005,Ashland,Ohio,9
55003,Ashland,Wisconsin,19
5003,Ashley,Arkansas,59
39007,Ashtabula,Ohio,49
53003,Asotin,Washington,26
22007,Assumption,Louisiana,107
48013,Atascosa,Texas,69
20005,Atchison,Kansas,24
29005,Atchison,Missouri,19
39009,Athens,Ohio,3
13003,Atkinson,Georgia,60
34001,Atlantic,New Jersey,99
40005,Atoka,Oklahoma,7
28007,Attala,Mississippi,136
29007,Audrain,Missouri,27
19009,Audubon,Iowa,18
39011,Auglaize,Ohio,34
51015,Augusta,Virginia,10
48015,Austin,Texas,30
1001,Autauga,Alabama,50
22009,Avoyelles,Louisiana,153
13005,Bacon,Georgia,125
48017,Bailey,Texas,71
12003,Baker,Florida,59
13007,Baker,Georgia,194
41001,Baker,Oregon,12
1003,Baldwin,Alabama,30
13009,Baldwin,Georgia,140
21007,Ballard,Kentucky,12
24005,Baltimore,Maryland,78
24510,Baltimore City,Maryland,82
45009,Bamberg,South Carolina,245
48019,Bandera,Texas,35
13011,Banks,Georgia,42
16005,Bannock,Idaho,10
26013,Baraga,Michigan,48
1005,Barbour,Alabama,36
54001,Barbour,West Virginia,6
38003,Barnes,North Dakota,9
25001,Barnstable,Massachusetts,84
45011,Barnwell,South Carolina,99
21009,Barren,Kentucky,29
55005,Barron,Wisconsin,13
13013,Barrow,Georgia,61
26015,Barry,Michigan,8
29009,Barry,Missouri,19
18005,Bartholomew,Indiana,68
20009,Barton,Kansas,26
29011,Barton,Missouri,16
13015,Bartow,Georgia,86
48021,Bastrop,Texas,35
29013,Bates,Missouri,30
21011,Bath,Kentucky,8
5005,Baxter,Arkansas,16
12005,Bay,Florida,68
26017,Bay,Michigan,52
55007,Bayfield,Wisconsin,6
48023,Baylor,Texas,55
46005,Beadle,South Dakota,63
16007,Bear Lake,Idaho,16
37013,Beaufort,North Carolina,74
45013,Beaufort,South Carolina,47
22011,Beauregard,Louisiana,104
42007,Beaver,Pennsylvania,83
30001,Beaverhead,Montana,10
27005,Becker,Minnesota,8
40009,Beckham,Oklahoma,46
42009,Bedford,Pennsylvania,12
47003,Bedford,Tennessee,40
51019,Bedford,Virginia,20
48025,Bee,Texas,113
33001,Belknap,New Hampshire,8
21013,Bell,Kentucky,60
48027,Bell,Texas,26
39013,Belmont,Ohio,39
27007,Beltrami,Minnesota,14
13017,Ben Hill,Georgia,190
16009,Benewah,Idaho,32
46007,Bennett,South Dakota,144
50003,Bennington,Vermont,2
38005,Benson,North Dakota,114
5007,Benton,Arkansas,40
19011,Benton,Iowa,3
27009,Benton,Minnesota,12
28009,Benton,Mississippi,48
29015,Benton,Missouri,25
41003,Benton,Oregon,6
47005,Benton,Tennessee,55
53005,Benton,Washington,65
26019,Benzie,Michigan,11
34003,Bergen,New Jersey,218
45015,Berkeley,South Carolina,42
54003,Berkeley,West Virginia,14
42011,Berks,Pennsylvania,98
25003,Berkshire,Massachusetts,40
35001,Bernalillo,New Mexico,27
13019,Berrien,Georgia,62
26021,Berrien,Michigan,49
37015,Bertie,North Carolina,68
48029,Bexar,Texas,69
1007,Bibb,Alabama,58
13021,Bibb,Georgia,122
22013,Bienville,Louisiana,247
30003,Big Horn,Montana,247
56003,Big Horn,Wyoming,16
16011,Bingham,Idaho,25
19013,Black Hawk,Iowa,72
18009,Blackford,Indiana,25
37017,Bladen,North Carolina,57
16013,Blaine,Idaho,26
30005,Blaine,Montana,29
40011,Blaine,Oklahoma,10
42013,Blair,Pennsylvania,18
48031,Blanco,Texas,51
51021,Bland,Virginia,79
13023,Bleckley,Georgia,163
47007,Bledsoe,Tennessee,27
1009,Blount,Alabama,39
47009,Blount,Tennessee,23
27013,Blue Earth,Minnesota,10
16015,Boise,Idaho,26
28011,Bolivar,Mississippi,239
29017,Bollinger,Missouri,16
46009,Bon Homme,South Dakota,14
17005,Bond,Illinois,54
16017,Bonner,Idaho,2
16019,Bonneville,Idaho,18
5009,Boone,Arkansas,77
17007,Boone,Illinois,44
18011,Boone,Indiana,71
19015,Boone,Iowa,30
21015,Boone,Kentucky,19
29019,Boone,Missouri,7
54005,Boone,West Virginia,13
48035,Bosque,Texas,53
22015,Bossier,Louisiana,90
51023,Botetourt,Virginia,33
38009,Bottineau,North Dakota,249
8013,Boulder,Colorado,25
16021,Boundary,Idaho,8
20011,Bourbon,Kansas,20
21017,Bourbon,Kentucky,4
48037,Bowie,Texas,75
38011,Bowman,North Dakota,65
31013,Box Butte,Nebraska,9
21019,Boyd,Kentucky,38
21023,Bracken,Kentucky,12
12007,Bradford,Florida,43
42015,Bradford,Pennsylvania,11
5011,Bradley,Arkansas,73
47011,Bradley,Tennessee,19
26023,Branch,Michigan,22
13025,Brantley,Georgia,63
48039,Brazoria,Texas,48
48041,Brazos,Texas,28
21027,Breckinridge,Kentucky,9
19017,Bremer,Iowa,28
12009,Brevard,Florida,57
48043,Brewster,Texas,53
48045,Briscoe,Texas,65
25005,Bristol,Massachusetts,129
44001,Bristol,Rhode Island,34
36005,Bronx,New York,347
54009,Brooke,West Virginia,4
46011,Brookings,South Dakota,5
13027,Brooks,Georgia,167
48047,Brooks,Texas,323
36007,Broome,New York,43
8014,Broomfield,Colorado,56
12011,Broward,Florida,77
18013,Brown,Indiana,19
20013,Brown,Kansas,52
27015,Brown,Minnesota,11
39015,Brown,Ohio,6
46013,Brown,South Dakota,10
48049,Brown,Texas,68
55009,Brown,Wisconsin,31
46015,Brule,South Dakota,38
37019,Brunswick,North Carolina,24
51025,Brunswick,Virginia,30
13029,Bryan,Georgia,36
40013,Bryan,Oklahoma,23
19019,Buchanan,Iowa,14
29021,Buchanan,Missouri,38
51027,Buchanan,Virginia,9
51029,Buckingham,Virginia,52
42017,Bucks,Pennsylvania,99
19021,Buena Vista,Iowa,60
31019,Buffalo,Nebraska,12
46017,Buffalo,South Dakota,147
55011,Buffalo,Wisconsin,15
21029,Bullitt,Kentucky,17
13031,Bulloch,Georgia,42
1011,Bullock,Alabama,167
37021,Buncombe,North Carolina,36
17011,Bureau,Illinois,51
13033,Burke,Georgia,49
37023,Burke,North Carolina,50
38013,Burke,North Dakota,47
38015,Burleigh,North Dakota,73
48051,Burleson,Texas,32
34005,Burlington,New Jersey,113
48053,Burnet,Texas,25
55013,Burnett,Wisconsin,38
31021,Burt,Nebraska,15
1013,Butler,Alabama,203
19023,Butler,Iowa,13
20015,Butler,Kansas,4
21031,Butler,Kentucky,125
29023,Butler,Missouri,18
31023,Butler,Nebraska,12
39017,Butler,Ohio,31
42019,Butler,Pennsylvania,14
6007,Butte,California,21
46019,Butte,South Dakota,29
13035,Butts,Georgia,177
37025,Cabarrus,North Carolina,38
54011,Cabell,West Virginia,17
22017,Caddo,Louisiana,158
40015,Caddo,Oklahoma,82
6009,Calaveras,California,37
22019,Calcasieu,Louisiana,108
22021,Caldwell,Louisiana,30
29025,Caldwell,Missouri,10
37027,Caldwell,North Carolina,23
48055,Caldwell,Texas,85
1015,Calhoun,Alabama,51
12013,Calhoun,Florida,95
13037,Calhoun,Georgia,141
19025,Calhoun,Iowa,30
26025,Calhoun,Michigan,38
28013,Calhoun,Mississippi,83
45017,Calhoun,South Carolina,117
48057,Calhoun,Texas,41
48059,Callahan,Texas,28
29027,Callaway,Missouri,11
21035,Calloway,Kentucky,22
55015,Calumet,Wisconsin,19
24009,Calvert,Maryland,30
42021,Cambria,Pennsylvania,5
13039,Camden,Georgia,31
29029,Camden,Missouri,56
34007,Camden,New Jersey,121
37029,Camden,North Carolina,28
22023,Cameron,Louisiana,28
48061,Cameron,Texas,250
48063,Camp,Texas,99
21037,Campbell,Kentucky,17
47013,Campbell,Tennessee,17
51031,Campbell,Virginia,10
56005,Campbell,Wyoming,4
40017,Canadian,Oklahoma,14
13043,Candler,Georgia,221
47015,Cannon,Tennessee,13
16027,Canyon,Idaho,47
29031,Cape Girardeau,Missouri,57
34009,Cape May,New Jersey,106
42025,Carbon,Pennsylvania,45
56007,Carbon,Wyoming,13
16029,Caribou,Idaho,56
21039,Carlisle,Kentucky,20
27017,Carlton,Minnesota,2
24011,Caroline,Maryland,24
51033,Caroline,Virginia,16
5015,Carroll,Arkansas,42
13045,Carroll,Georgia,62
17015,Carroll,Illinois,48
18015,Carroll,Indiana,64
19027,Carroll,Iowa,39
21041,Carroll,Kentucky,46
24013,Carroll,Maryland,75
28015,Carroll,Mississippi,121
29033,Carroll,Missouri,22
33003,Carroll,New Hampshire,4
39019,Carroll,Ohio,25
47017,Carroll,Tennessee,85
51035,Carroll,Virginia,87
32510,Carson City,Nevada,14
21043,Carter,Kentucky,14
29035,Carter,Missouri,49
40019,Carter,Oklahoma,18
47019,Carter,Tennessee,56
37031,Carteret,North Carolina,7
27019,Carver,Minnesota,6
30013,Cascade,Montana,7
21045,Casey,Kentucky,94
17017,Cass,Illinois,89
18017,Cass,Indiana,52
19029,Cass,Iowa,15
26027,Cass,Michigan,44
27021,Cass,Minnesota,16
29037,Cass,Missouri,26
31025,Cass,Nebraska,11
38017,Cass,North Dakota,43
48067,Cass,Texas,69
16031,Cassia,Idaho,33
48069,Castro,Texas,78
37033,Caswell,North Carolina,22
22025,Catahoula,Louisiana,135
37035,Catawba,North Carolina,35
13047,Catoosa,Georgia,29
35003,Catron,New Mexico,27
36009,Cattaraugus,New York,7
38019,Cavalier,North Dakota,26
36011,Cayuga,New York,2
24015,Cecil,Maryland,35
19031,Cedar,Iowa,26
29039,Cedar,Missouri,14
42027,Centre,Pennsylvania,9
19033,Cerro Gordo,Iowa,53
8015,Chaffee,Colorado,99
1017,Chambers,Alabama,127
48071,Chambers,Texas,18
17019,Champaign,Illinois,13
39021,Champaign,Ohio,7
29041,Chariton,Missouri,13
24017,Charles,Maryland,62
51036,Charles City,Virginia,72
45019,Charleston,South Carolina,66
26029,Charlevoix,Michigan,15
12015,Charlotte,Florida,83
13049,Charlton,Georgia,77
20017,Chase,Kansas,76
13051,Chatham,Georgia,62
37037,Chatham,North Carolina,82
13053,Chattahoochee,Georgia,9
13055,Chattooga,Georgia,108
36013,Chautauqua,New York,10
35005,Chaves,New Mexico,26
47021,Cheatham,Tennessee,27
26031,Cheboygan,Michigan,7
53007,Chelan,Washington,20
36015,Chemung,New York,3
36017,Chenango,New York,14
1019,Cherokee,Alabama,53
13057,Cherokee,Georgia,39
19035,Cherokee,Iowa,17
20021,Cherokee,Kansas,34
37039,Cherokee,North Carolina,42
40021,Cherokee,Oklahoma,16
45021,Cherokee,South Carolina,84
48073,Cherokee,Texas,58
31031,Cherry,Nebraska,69
33005,Cheshire,New Hampshire,3
42029,Chester,Pennsylvania,71
45023,Chester,South Carolina,74
47023,Chester,Tennessee,81
45025,Chesterfield,South Carolina,89
51041,Chesterfield,Virginia,28
20023,Cheyenne,Kansas,187
31033,Cheyenne,Nebraska,10
19037,Chickasaw,Iowa,8
28017,Chickasaw,Mississippi,139
5017,Chicot,Arkansas,210
1021,Chilton,Alabama,70
27023,Chippewa,Minnesota,25
55017,Chippewa,Wisconsin,3
27025,Chisago,Minnesota,3
50007,Chittenden,Vermont,23
1023,Choctaw,Alabama,93
28019,Choctaw,Mississippi,72
40023,Choctaw,Oklahoma,13
37041,Chowan,North Carolina,71
17021,Christian,Illinois,76
21047,Christian,Kentucky,36
29043,Christian,Missouri,11
32001,Churchill,Nevada,16
35006,Cibola,New Mexico,78
12017,Citrus,Florida,87
41005,Clackamas,Oregon,15
22027,Claiborne,Louisiana,150
28021,Claiborne,Mississippi,177
47025,Claiborne,Tennessee,18
53009,Clallam,Washington,1
26035,Clare,Michigan,22
45027,Clarendon,South Carolina,201
42031,Clarion,Pennsylvania,7
5019,Clark,Arkansas,18
17023,Clark,Illinois,38
18019,Clark,Indiana,48
20025,Clark,Kansas,49
21049,Clark,Kentucky,27
32003,Clark,Nevada,65
39023,Clark,Ohio,40
53011,Clark,Washington,15
55019,Clark,Wisconsin,31
1025,Clarke,Alabama,66
13059,Clarke,Georgia,36
19039,Clarke,Iowa,31
28023,Clarke,Mississippi,307
51043,Clarke,Virginia,6
1027,Clay,Alabama,90
5021,Clay,Arkansas,74
12019,Clay,Florida,53
13061,Clay,Georgia,103
17025,Clay,Illinois,83
18021,Clay,Indiana,22
19041,Clay,Iowa,24
20027,Clay,Kansas,25
21051,Clay,Kentucky,29
27027,Clay,Minnesota,67
28025,Clay,Mississippi,108
29047,Clay,Missouri,18
37043,Clay,North Carolina,26
46027,Clay,South Dakota,56
47027,Clay,Tennessee,116
48077,Clay,Texas,19
54015,Clay,West Virginia,23
13063,Clayton,Georgia,60
19043,Clayton,Iowa,17
8019,Clear Creek,Colorado,10
42033,Clearfield,Pennsylvania,8
1029,Cleburne,Alabama,46
5023,Cleburne,Arkansas,56
39025,Clermont,Ohio,17
5025,Cleveland,Arkansas,149
37045,Cleveland,North Carolina,77
40027,Cleveland,Oklahoma,30
13065,Clinch,Georgia,180
17027,Clinton,Illinois,63
18023,Clinton,Indiana,49
19045,Clinton,Iowa,53
21053,Clinton,Kentucky,19
26037,Clinton,Michigan,17
29049,Clinton,Missouri,39
36019,Clinton,New York,6
39027,Clinton,Ohio,30
42035,Clinton,Pennsylvania,15
20029,Cloud,Kansas,11
28027,Coahoma,Mississippi,159
13067,Cobb,Georgia,59
4003,Cochise,Arizona,57
48079,Cochran,Texas,35
47029,Cocke,Tennessee,33
4005,Coconino,Arizona,102
46029,Codington,South Dakota,35
1031,Coffee,Alabama,17
13069,Coffee,Georgia,136
47031,Coffee,Tennessee,35
20031,Coffey,Kansas,109
48081,Coke,Texas,118
1033,Colbert,Alabama,49
29051,Cole,Missouri,23
48083,Coleman,Texas,47
17029,Coles,Illinois,74
31037,Colfax,Nebraska,55
35007,Colfax,New Mexico,8
45029,Colleton,South Carolina,116
12021,Collier,Florida,64
48085,Collin,Texas,17
48089,Colorado,Texas,18
13071,Colquitt,Georgia,85
5027,Columbia,Arkansas,80
12023,Columbia,Florida,100
13073,Columbia,Georgia,41
36021,Columbia,New York,63
41009,Columbia,Oregon,1
42037,Columbia,Pennsylvania,59
53013,Columbia,Washington,24
55021,Columbia,Wisconsin,6
39029,Columbiana,Ohio,84
37047,Columbus,North Carolina,106
6011,Colusa,California,27
48091,Comal,Texas,70
40031,Comanche,Oklahoma,13
48093,Comanche,Texas,36
48095,Concho,Texas,46
22029,Concordia,Louisiana,81
1035,Conecuh,Alabama,105
6013,Contra Costa,California,20
5029,Conway,Arkansas,14
13075,Cook,Georgia,87
17031,Cook,Illinois,103
48097,Cooke,Texas,17
29053,Cooper,Missouri,11
1037,Coosa,Alabama,27
28029,Copiah,Mississippi,126
46031,Corson,South Dakota,24
48099,Coryell,Texas,17
39031,Coshocton,Ohio,32
8023,Costilla,Colorado,26
48101,Cottle,Texas,215
40033,Cotton,Oklahoma,51
1039,Covington,Alabama,78
28031,Covington,Mississippi,132
13077,Coweta,Georgia,41
20035,Cowley,Kansas,25
53015,Cowlitz,Washington,6
40035,Craig,Oklahoma,13
5031,Craighead,Arkansas,33
48103,Crane,Texas,41
37049,Craven,North Carolina,48
5033,Crawford,Arkansas,39
13079,Crawford,Georgia,48
17033,Crawford,Illinois,31
18025,Crawford,Indiana,9
19047,Crawford,Iowa,69
20037,Crawford,Kansas,25
26039,Crawford,Michigan,35
29055,Crawford,Missouri,29
39033,Crawford,Ohio,19
42039,Crawford,Pennsylvania,3
40037,Creek,Oklahoma,50
1041,Crenshaw,Alabama,217
13081,Crisp,Georgia,101
5035,Crittenden,Arkansas,105
21055,Crittenden,Kentucky,11
47033,Crockett,Tennessee,139
48105,Crockett,Texas,200
41013,Crook,Oregon,4
48107,Crosby,Texas,103
5037,Cross,Arkansas,119
27035,Crow Wing,Minnesota,32
8025,Crowley,Colorado,17
48109,Culberson,Texas,90
1043,Cullman,Alabama,27
51047,Culpeper,Virginia,34
17035,Cumberland,Illinois,55
23005,Cumberland,Maine,23
34011,Cumberland,New Jersey,106
37051,Cumberland,North Carolina,27
42041,Cumberland,Pennsylvania,31
47035,Cumberland,Tennessee,40
51049,Cumberland,Virginia,20
31039,Cuming,Nebraska,22
37053,Currituck,North Carolina,14
35009,Curry,New Mexico,16
41015,Curry,Oregon,4
16037,Custer,Idaho,23
30017,Custer,Montana,17
31041,Custer,Nebraska,36
40039,Custer,Oklahoma,10
46033,Custer,South Dakota,34
39035,Cuyahoga,Ohio,53
13083,Dade,Georgia,30
27037,Dakota,Minnesota,31
31043,Dakota,Nebraska,219
1045,Dale,Alabama,104
48111,Dallam,Texas,138
1047,Dallas,Alabama,70
5039,Dallas,Arkansas,69
19049,Dallas,Iowa,47
29059,Dallas,Missouri,5
48113,Dallas,Texas,45
55025,Dane,Wisconsin,8
37055,Dare,North Carolina,8
39037,Darke,Ohio,97
45031,Darlington,South Carolina,94
42043,Dauphin,Pennsylvania,67
37057,Davidson,North Carolina,25
47037,Davidson,Tennessee,46
37059,Davie,North Carolina,14
18027,Daviess,Indiana,96
21059,Daviess,Kentucky,24
29061,Daviess,Missouri,36
19051,Davis,Iowa,44
49011,Davis,Utah,11
46035,Davison,South Dakota,20
13085,Dawson,Georgia,39
30021,Dawson,Montana,11
31047,Dawson,Nebraska,59
48115,Dawson,Texas,118
46037,Day,South Dakota,18
22031,De Soto,Louisiana,127
17039,De Witt,Illinois,19
1049,DeKalb,Alabama,36
13089,DeKalb,Georgia,51
17037,DeKalb,Illinois,40
18033,DeKalb,Indiana,25
29063,DeKalb,Missouri,15
47041,DeKalb,Tennessee,79
12027,DeSoto,Florida,74
28033,DeSoto,Mississippi,42
48123,DeWitt,Texas,208
48117,Deaf Smith,Texas,133
18029,Dearborn,Indiana,56
13087,Decatur,Georgia,127
18031,Decatur,Indiana,145
20039,Decatur,Kansas,34
47039,Decatur,Tennessee,93
39039,Defiance,Ohio,34
6015,Del Norte,California,3
18035,Delaware,Indiana,64
19055,Delaware,Iowa,46
36025,Delaware,New York,15
39041,Delaware,Ohio,13
40041,Delaware,Oklahoma,63
42045,Delaware,Pennsylvania,135
8029,Delta,Colorado,12
26041,Delta,Michigan,47
29065,Dent,Missouri,19
48121,Denton,Texas,19
8031,Denver,Colorado,61
19057,Des Moines,Iowa,22
41017,Deschutes,Oregon,6
5041,Desha,Arkansas,60
40043,Dewey,Oklahoma,20
48125,Dickens,Texas,88
51051,Dickenson,Virginia,6
38021,Dickey,North Dakota,20
19059,Dickinson,Iowa,40
20041,Dickinson,Kansas,16
26043,Dickinson,Michigan,31
47043,Dickson,Tennessee,33
45033,Dillon,South Carolina,150
48127,Dimmit,Texas,67
51053,Dinwiddie,Virginia,42
11001,District of Columbia,District of Columbia,91
38023,Divide,North Dakota,43
12029,Dixie,Florida,65
31051,Dixon,Nebraska,35
54017,Doddridge,West Virginia,11
13091,Dodge,Georgia,67
31053,Dodge,Nebraska,43
55027,Dodge,Wisconsin,23
35013,Dona Ana,New Mexico,28
48129,Donley,Texas,30
13093,Dooly,Georgia,116
55029,Door,Wisconsin,14
24019,Dorchester,Maryland,31
45035,Dorchester,South Carolina,58
13095,Dougherty,Georgia,208
8035,Douglas,Colorado,18
13097,Douglas,Georgia,48
17041,Douglas,Illinois,41
20045,Douglas,Kansas,12
27041,Douglas,Minnesota,7
29067,Douglas,Missouri,44
31055,Douglas,Nebraska,37
32005,Douglas,Nevada,2
41019,Douglas,Oregon,3
46043,Douglas,South Dakota,136
53017,Douglas,Washington,20
55031,Douglas,Wisconsin,2
5043,Drew,Arkansas,38
17043,DuPage,Illinois,64
18037,Dubois,Indiana,54
19061,Dubuque,Iowa,53
31057,Dundy,Nebraska,56
29069,Dunklin,Missouri,40
38025,Dunn,North Dakota,115
55033,Dunn,Wisconsin,2
37061,Duplin,North Carolina,91
37063,Durham,North Carolina,30
36027,Dutchess,New York,55
12031,Duval,Florida,53
48131,Duval,Texas,178
47045,Dyer,Tennessee,69
8037,Eagle,Colorado,18
13099,Early,Georgia,331
22033,East Baton Rouge,Louisiana,102
22035,East Carroll,Louisiana,85
22037,East Feliciana,Louisiana,388
48133,Eastland,Texas,32
26045,Eaton,Michigan,9
55035,Eau Claire,Wisconsin,8
13101,Echols,Georgia,50
48135,Ector,Texas,66
35015,Eddy,New Mexico,29
38027,Eddy,North Dakota,129
17045,Edgar,Illinois,46
37065,Edgecombe,North Carolina,99
45037,Edgefield,South Carolina,77
21061,Edmonson,Kentucky,97
46045,Edmunds,South Dakota,25
48137,Edwards,Texas,103
13103,Effingham,Georgia,45
17049,Effingham,Illinois,8
6017,El Dorado,California,2
8041,El Paso,Colorado,26
48141,El Paso,Texas,68
8039,Elbert,Colorado,11
13105,Elbert,Georgia,41
42047,Elk,Pennsylvania,6
18039,Elkhart,Indiana,63
32007,Elko,Nevada,20
20051,Ellis,Kansas,55
48139,Ellis,Texas,41
1051,Elmore,Alabama,63
16039,Elmore,Idaho,14
13107,Emanuel,Georgia,159
19063,Emmet,Iowa,151
26047,Emmet,Michigan,12
38029,Emmons,North Dakota,212
48143,Erath,Texas,30
36029,Erie,New York,76
39043,Erie,Ohio,71
42049,Erie,Pennsylvania,14
1053,Escambia,Alabama,76
12033,Escambia,Florida,85
25009,Essex,Massachusetts,167
34013,Essex,New Jersey,266
51057,Essex,Virginia,18
1055,Etowah,Alabama,47
22039,Evangeline,Louisiana,113
13109,Evans,Georgia,55
2090,Fairbanks North Star,Alaska,13
51059,Fairfax,Virginia,52
51600,Fairfax City,Virginia,32
9001,Fairfield,Connecticut,151
39045,Fairfield,Ohio,35
45039,Fairfield,South Carolina,165
46047,Fall River,South Dakota,88
48145,Falls,Texas,28
13111,Fannin,Georgia,107
48147,Fannin,Texas,45
46049,Faulk,South Dakota,42
5045,Faulkner,Arkansas,23
51061,Fauquier,Virginia,35
1057,Fayette,Alabama,73
13113,Fayette,Georgia,45
17051,Fayette,Illinois,79
18041,Fayette,Indiana,65
19065,Fayette,Iowa,10
21067,Fayette,Kentucky,25
39047,Fayette,Ohio,27
42051,Fayette,Pennsylvania,8
47047,Fayette,Tennessee,51
48149,Fayette,Texas,86
54019,Fayette,West Virginia,46
47049,Fentress,Tennessee,38
30027,Fergus,Montana,17
31059,Fillmore,Nebraska,18
20055,Finney,Kansas,43
48151,Fisher,Texas,78
12035,Flagler,Florida,31
30029,Flathead,Montana,22
45041,Florence,South Carolina,144
55037,Florence,Wisconsin,92
13115,Floyd,Georgia,56
18043,Floyd,Indiana,83
19067,Floyd,Iowa,69
21071,Floyd,Kentucky,11
48153,Floyd,Texas,154
51063,Floyd,Virginia,101
51065,Fluvanna,Virginia,33
55039,Fond du Lac,Wisconsin,16
17053,Ford,Illinois,67
20057,Ford,Kansas,38
42053,Forest,Pennsylvania,13
55041,Forest,Wisconsin,111
28035,Forrest,Mississippi,102
13117,Forsyth,Georgia,21
37067,Forsyth,North Carolina,29
48157,Fort Bend,Texas,38
38031,Foster,North Dakota,62
18045,Fountain,Indiana,18
1059,Franklin,Alabama,98
5047,Franklin,Arkansas,11
12037,Franklin,Florida,34
13119,Franklin,Georgia,73
16041,Franklin,Idaho,7
17055,Franklin,Illinois,15
18047,Franklin,Indiana,109
19069,Franklin,Iowa,177
20059,Franklin,Kansas,11
21073,Franklin,Kentucky,25
22041,Franklin,Louisiana,218
23007,Franklin,Maine,3
25011,Franklin,Massachusetts,101
28037,Franklin,Mississippi,38
29071,Franklin,Missouri,38
37069,Franklin,North Carolina,45
39049,Franklin,Ohio,48
42055,Franklin,Pennsylvania,34
47051,Franklin,Tennessee,35
48159,Franklin,Texas,55
50011,Franklin,Vermont,14
51067,Franklin,Virginia,1
53021,Franklin,Washington,71
51620,Franklin City,Virginia,149
24021,Frederick,Maryland,53
51069,Frederick,Virginia,14
27047,Freeborn,Minnesota,13
48161,Freestone,Texas,20
8043,Fremont,Colorado,2
16043,Fremont,Idaho,22
19071,Fremont,Iowa,14
56013,Fremont,Wyoming,35
6019,Fresno,California,43
48163,Frio,Texas,45
5049,Fulton,Arkansas,65
13121,Fulton,Georgia,57
18049,Fulton,Indiana,9
21075,Fulton,Kentucky,49
36035,Fulton,New York,44
39051,Fulton,Ohio,14
42057,Fulton,Pennsylvania,13
31065,Furnas,Nebraska,42
12039,Gadsden,Florida,117
31067,Gage,Nebraska,23
48165,Gaines,Texas,47
17059,Gallatin,Illinois,39
21077,Gallatin,Kentucky,90
30031,Gallatin,Montana,4
39053,Gallia,Ohio,43
48167,Galveston,Texas,49
8045,Garfield,Colorado,8
40047,Garfield,Oklahoma,37
5051,Garland,Arkansas,62
21079,Garrard,Kentucky,17
24023,Garrett,Maryland,3
40049,Garvin,Oklahoma,21
48169,Garza,Texas,60
29073,Gasconade,Missouri,163
37071,Gaston,North Carolina,46
37073,Gates,North Carolina,25
20061,Geary,Kansas,12
39055,Geauga,Ohio,53
16045,Gem,Idaho,22
26049,Genesee,Michigan,79
36037,Genesee,New York,8
1061,Geneva,Alabama,26
29075,Gentry,Missouri,150
28039,George,Mississippi,70
45043,Georgetown,South Carolina,75
18051,Gibson,Indiana,26
47053,Gibson,Tennessee,75
4007,Gila,Arizona,120
12041,Gilchrist,Florida,93
47055,Giles,Tennessee,105
48171,Gillespie,Texas,37
13123,Gilmer,Georgia,61
30035,Glacier,Montana,14
12043,Glades,Florida,43
26051,Gladwin,Michigan,7
13125,Glascock,Georgia,66
6021,Glenn,California,10
34015,Gloucester,New Jersey,80
51073,Gloucester,Virginia,8
13127,Glynn,Georgia,118
26053,Gogebic,Michigan,13
48175,Goliad,Texas,79
48177,Gonzales,Texas,91
51075,Goochland,Virginia,30
27049,Goodhue,Minnesota,23
16047,Gooding,Idaho,13
13129,Gordon,Georgia,72
56015,Goshen,Wyoming,14
20063,Gove,Kansas,344
13131,Grady,Georgia,101
40051,Grady,Oklahoma,25
33009,Grafton,New Hampshire,1
4009,Graham,Arizona,70
20065,Graham,Kansas,40
37075,Graham,North Carolina,82
47057,Grainger,Tennessee,17
8049,Grand,Colorado,6
38035,Grand Forks,North Dakota,21
26055,Grand Traverse,Michigan,14
5053,Grant,Arkansas,21
18053,Grant,Indiana,59
20067,Grant,Kansas,109
21081,Grant,Kentucky,23
22043,Grant,Louisiana,133
27051,Grant,Minnesota,66
35017,Grant,New Mexico,7
38037,Grant,North Dakota,84
40053,Grant,Oklahoma,23
46051,Grant,South Dakota,27
53025,Grant,Washington,23
54023,Grant,West Virginia,68
55043,Grant,Wisconsin,44
37077,Granville,North Carolina,83
26057,Gratiot,Michigan,39
21083,Graves,Kentucky,77
48179,Gray,Texas,45
53027,Grays Harbor,Washington,14
21085,Grayson,Kentucky,56
48181,Grayson,Texas,44
51077,Grayson,Virginia,115
21087,Green,Kentucky,72
55045,Green,Wisconsin,8
55047,Green Lake,Wisconsin,10
54025,Greenbrier,West Virginia,8
1063,Greene,Alabama,194
5055,Greene,Arkansas,35
13133,Greene,Georgia,141
17061,Greene,Illinois,114
18055,Greene,Indiana,115
28041,Greene,Mississippi,125
29077,Greene,Missouri,35
36039,Greene,New York,37
37079,Greene,North Carolina,57
39057,Greene,Ohio,23
42059,Greene,Pennsylvania,2
47059,Greene,Tennessee,70
51079,Greene,Virginia,15
4011,Greenlee,Arizona,10
51081,Greensville,Virginia,111
21089,Greenup,Kentucky,22
45045,Greenville,South Carolina,64
45047,Greenwood,South Carolina,104
40055,Greer,Oklahoma,137
48183,Gregg,Texas,66
46053,Gregory,South Dakota,189
28043,Grenada,Mississippi,175
38039,Griggs,North Dakota,44
48185,Grimes,Texas,123
17063,Grundy,Illinois,13
19075,Grundy,Iowa,32
29079,Grundy,Missouri,90
47061,Grundy,Tennessee,59
35019,Guadalupe,New Mexico,23
48187,Guadalupe,Texas,48
39059,Guernsey,Ohio,20
37081,Guilford,North Carolina,36
12045,Gulf,Florida,92
8051,Gunnison,Colorado,40
19077,Guthrie,Iowa,130
13135,Gwinnett,Georgia,46
46055,Haakon,South Dakota,52
13137,Habersham,Georgia,163
1065,Hale,Alabama,196
48189,Hale,Texas,174
37083,Halifax,North Carolina,49
51083,Halifax,Virginia,20
13139,Hall,Georgia,83
31079,Hall,Nebraska,77
48191,Hall,Texas,33
47063,Hamblen,Tennessee,66
12047,Hamilton,Florida,62
17065,Hamilton,Illinois,24
18057,Hamilton,Indiana,34
19079,Hamilton,Iowa,20
31081,Hamilton,Nebraska,129
39061,Hamilton,Ohio,41
47065,Hamilton,Tennessee,27
48193,Hamilton,Texas,47
25013,Hampden,Massachusetts,169
25015,Hampshire,Massachusetts,94
54027,Hampshire,West Virginia,4
45049,Hampton,South Carolina,155
13141,Hancock,Georgia,527
17067,Hancock,Illinois,16
18059,Hancock,Indiana,57
19081,Hancock,Iowa,37
21091,Hancock,Kentucky,11
23009,Hancock,Maine,1
28045,Hancock,Mississippi,57
39063,Hancock,Ohio,26
47067,Hancock,Tennessee,45
46059,Hand,South Dakota,30
51085,Hanover,Virginia,37
48195,Hansford,Texas,109
46061,Hanson,South Dakota,29
13143,Haralson,Georgia,33
12049,Hardee,Florida,47
47069,Hardeman,Tennessee,126
48197,Hardeman,Texas,25
19083,Hardin,Iowa,29
21093,Hardin,Kentucky,10
39065,Hardin,Ohio,41
47071,Hardin,Tennessee,73
48199,Hardin,Texas,57
54031,Hardy,West Virginia,7
24025,Harford,Maryland,30
21095,Harlan,Kentucky,49
37085,Harnett,North Carolina,49
20077,Harper,Kansas,36
40059,Harper,Oklahoma,26
13145,Harris,Georgia,72
48201,Harris,Texas,58
18061,Harrison,Indiana,59
19085,Harrison,Iowa,56
21097,Harrison,Kentucky,5
28047,Harrison,Mississippi,39
29081,Harrison,Missouri,11
39067,Harrison,Ohio,19
48203,Harrison,Texas,55
54033,Harrison,West Virginia,14
13147,Hart,Georgia,61
21099,Hart,Kentucky,5
9003,Hartford,Connecticut,161
20079,Harvey,Kansas,20
20081,Haskell,Kansas,25
40061,Haskell,Oklahoma,39
48207,Haskell,Texas,51
15001,Hawaii,Hawaii,8
47073,Hawkins,Tennessee,40
48209,Hays,Texas,31
37087,Haywood,North Carolina,58
47075,Haywood,Tennessee,144
13149,Heard,Georgia,50
5057,Hempstead,Arkansas,22
21101,Henderson,Kentucky,39
37089,Henderson,North Carolina,54
47077,Henderson,Tennessee,89
48213,Henderson,Texas,34
18063,Hendricks,Indiana,77
12051,Hendry,Florida,103
27053,Hennepin,Minnesota,76
51087,Henrico,Virginia,67
1067,Henry,Alabama,34
13151,Henry,Georgia,47
17073,Henry,Illinois,10
18065,Henry,Indiana,58
19087,Henry,Iowa,24
21103,Henry,Kentucky,12
29083,Henry,Missouri,22
39069,Henry,Ohio,62
47079,Henry,Tennessee,30
51089,Henry,Virginia,60
36043,Herkimer,New York,16
12053,Hernando,Florida,81
37091,Hertford,North Carolina,143
38041,Hettinger,North Dakota,39
21105,Hickman,Kentucky,22
47081,Hickman,Tennessee,51
29085,Hickory,Missouri,31
35023,Hidalgo,New Mexico,47
48215,Hidalgo,Texas,218
39071,Highland,Ohio,9
12055,Highlands,Florida,96
30041,Hill,Montana,61
48217,Hill,Texas,41
12057,Hillsborough,Florida,52
33011,Hillsborough,New Hampshire,74
26059,Hillsdale,Michigan,59
28049,Hinds,Mississippi,72
39073,Hocking,Ohio,31
48219,Hockley,Texas,47
37093,Hoke,North Carolina,40
12059,Holmes,Florida,56
28051,Holmes,Mississippi,340
39075,Holmes,Ohio,22
29087,Holt,Missouri,22
31089,Holt,Nebraska,9
15003,Honolulu,Hawaii,15
48221,Hood,Texas,57
41027,Hood River,Oregon,4
31091,Hooker,Nebraska,146
21107,Hopkins,Kentucky,90
48223,Hopkins,Texas,62
45051,Horry,South Carolina,60
5059,Hot Spring,Arkansas,94
26061,Houghton,Michigan,16
1069,Houston,Alabama,30
13153,Houston,Georgia,57
27055,Houston,Minnesota,5
47083,Houston,Tennessee,169
48225,Houston,Texas,47
5061,Howard,Arkansas,97
18067,Howard,Indiana,80
19089,Howard,Iowa,87
24027,Howard,Maryland,38
29089,Howard,Missouri,19
31093,Howard,Nebraska,77
48227,Howard,Texas,52
29091,Howell,Missouri,14
27057,Hubbard,Minnesota,9
34017,Hudson,New Jersey,225
48229,Hudspeth,Texas,62
8055,Huerfano,Colorado,29
40063,Hughes,Oklahoma,29
46065,Hughes,South Dakota,28
6023,Humboldt,California,5
19091,Humboldt,Iowa,31
32013,Humboldt,Nevada,23
28053,Humphreys,Mississippi,193
47085,Humphreys,Tennessee,21
48231,Hunt,Texas,44
34019,Hunterdon,New Jersey,101
42061,Huntingdon,Pennsylvania,19
18069,Huntington,Indiana,13
26063,Huron,Michigan,16
39077,Huron,Ohio,15
46067,Hutchinson,South Dakota,27
48233,Hutchinson,Texas,33
37095,Hyde,North Carolina,95
22045,Iberia,Louisiana,131
22047,Iberville,Louisiana,180
19093,Ida,Iowa,29
6025,Imperial,California,184
5063,Independence,Arkansas,100
12061,Indian River,Florida,77
42063,Indiana,Pennsylvania,16
26065,Ingham,Michigan,19
6027,Inyo,California,83
26067,Ionia,Michigan,10
26069,Iosco,Michigan,55
19095,Iowa,Iowa,37
55049,Iowa,Wisconsin,4
37097,Iredell,North Carolina,19
26071,Iron,Michigan,161
55051,Iron,Wisconsin,17
17075,Iroquois,Illinois,68
13155,Irwin,Georgia,63
26073,Isabella,Michigan,21
27059,Isanti,Minnesota,7
53029,Island,Washington,14
51093,Isle of Wight,Virginia,59
28055,Issaquena,Mississippi,229
27061,Itasca,Minnesota,37
28057,Itawamba,Mississippi,102
5065,Izard,Arkansas,7
48237,Jack,Texas,33
1071,Jackson,Alabama,27
5067,Jackson,Arkansas,29
12063,Jackson,Florida,171
13157,Jackson,Georgia,56
17077,Jackson,Illinois,43
18071,Jackson,Indiana,27
19097,Jackson,Iowa,15
20085,Jackson,Kansas,30
21109,Jackson,Kentucky,126
22049,Jackson,Louisiana,138
26075,Jackson,Michigan,38
27063,Jackson,Minnesota,10
28059,Jackson,Mississippi,54
29095,Jackson,Missouri,16
37099,Jackson,North Carolina,16
39079,Jackson,Ohio,21
40065,Jackson,Oklahoma,44
41029,Jackson,Oregon,2
46071,Jackson,South Dakota,30
47087,Jackson,Tennessee,42
48239,Jackson,Texas,107
54035,Jackson,West Virginia,83
55053,Jackson,Wisconsin,4
51095,James City,Virginia,27
13159,Jasper,Georgia,28
17079,Jasper,Illinois,104
18073,Jasper,Indiana,11
19099,Jasper,Iowa,91
28061,Jasper,Mississippi,97
29097,Jasper,Missouri,55
45053,Jasper,South Carolina,79
48241,Jasper,Texas,94
18075,Jay,Indiana,28
13161,Jeff Davis,Georgia,146
1073,Jefferson,Alabama,56
5069,Jefferson,Arkansas,143
8059,Jefferson,Colorado,51
12065,Jefferson,Florida,62
13163,Jefferson,Georgia,207
16051,Jefferson,Idaho,10
17081,Jefferson,Illinois,116
18077,Jefferson,Indiana,15
19101,Jefferson,Iowa,5
20087,Jefferson,Kansas,21
21111,Jefferson,Kentucky,42
22051,Jefferson,Louisiana,133
28063,Jefferson,Mississippi,140
29099,Jefferson,Missouri,34
39081,Jefferson,Ohio,6
41031,Jefferson,Oregon,37
42065,Jefferson,Pennsylvania,6
47089,Jefferson,Tennessee,33
48245,Jefferson,Texas,57
54037,Jefferson,West Virginia,7
55055,Jefferson,Wisconsin,10
22053,Jefferson Davis,Louisiana,136
28065,Jefferson Davis,Mississippi,97
13165,Jenkins,Georgia,368
18079,Jennings,Indiana,47
46073,Jerauld,South Dakota,293
16053,Jerome,Idaho,29
17083,Jersey,Illinois,96
21113,Jessamine,Kentucky,3
20089,Jewell,Kansas,35
48247,Jim Hogg,Texas,76
48249,Jim Wells,Texas,112
17085,Jo Daviess,Illinois,23
5071,Johnson,Arkansas,26
13167,Johnson,Georgia,226
18081,Johnson,Indiana,81
19103,Johnson,Iowa,19
20091,Johnson,Kansas,28
21115,Johnson,Kentucky,8
29101,Johnson,Missouri,20
47091,Johnson,Tennessee,33
48251,Johnson,Texas,36
56019,Johnson,Wyoming,11
37101,Johnston,North Carolina,29
40069,Johnston,Oklahoma,36
13169,Jones,Georgia,48
19105,Jones,Iowa,14
28067,Jones,Mississippi,119
37103,Jones,North Carolina,155
48253,Jones,Texas,10
41033,Josephine,Oregon,2
2110,Juneau,Alaska,9
55057,Juneau,Wisconsin,11
42067,Juniata,Pennsylvania,32
26077,Kalamazoo,Michigan,37
26079,Kalkaska,Michigan,22
27065,Kanabec,Minnesota,61
54039,Kanawha,West Virginia,55
27067,Kandiyohi,Minnesota,9
17089,Kane,Illinois,63
17091,Kankakee,Illinois,70
48255,Karnes,Texas,108
48257,Kaufman,Texas,40
40071,Kay,Oklahoma,33
20093,Kearny,Kansas,76
28069,Kemper,Mississippi,149
2122,Kenai Peninsula,Alaska,5
17093,Kendall,Illinois,21
48259,Kendall,Texas,21
48261,Kenedy,Texas,452
23011,Kennebec,Maine,9
55059,Kenosha,Wisconsin,40
10001,Kent,Delaware,66
24029,Kent,Maryland,123
26081,Kent,Michigan,27
44003,Kent,Rhode Island,70
21117,Kenton,Kentucky,29
19107,Keokuk,Iowa,9
6029,Kern,California,45
48265,Kerr,Texas,24
45055,Kershaw,South Carolina,64
55061,Kewaunee,Wisconsin,19
38043,Kidder,North Dakota,40
48267,Kimble,Texas,22
53033,King,Washington,35
51099,King George,Virginia,15
51101,King William,Virginia,11
51097,King and Queen,Virginia,14
40073,Kingfisher,Oklahoma,12
20095,Kingman,Kansas,41
6031,Kings,California,54
36047,Kings,New York,285
46077,Kingsbury,South Dakota,20
48271,Kinney,Texas,26
40075,Kiowa,Oklahoma,22
8063,Kit Carson,Colorado,41
53035,Kitsap,Washington,7
53037,Kittitas,Washington,46
41035,Klamath,Oregon,4
48273,Kleberg,Texas,157
53039,Klickitat,Washington,13
21119,Knott,Kentucky,13
17095,Knox,Illinois,17
18083,Knox,Indiana,27
21121,Knox,Kentucky,28
23013,Knox,Maine,2
29103,Knox,Missouri,25
39083,Knox,Ohio,24
47093,Knox,Tennessee,18
48275,Knox,Texas,218
27071,Koochiching,Minnesota,32
16055,Kootenai,Idaho,28
18085,Kosciusko,Indiana,26
55063,La Crosse,Wisconsin,10
4012,La Paz,Arizona,75
8067,La Plata,Colorado,3
48283,La Salle,Texas,172
18087,LaGrange,Indiana,35
38045,LaMoure,North Dakota,73
18091,LaPorte,Indiana,48
17099,LaSalle,Illinois,53
20099,Labette,Kansas,25
27073,Lac qui Parle,Minnesota,30
42069,Lackawanna,Pennsylvania,102
29105,Laclede,Missouri,50
5073,Lafayette,Arkansas,44
12067,Lafayette,Florida,171
22055,Lafayette,Louisiana,56
28071,Lafayette,Mississippi,76
29107,Lafayette,Missouri,73
55065,Lafayette,Wisconsin,6
22057,Lafourche,Louisiana,127
6033,Lake,California,23
12069,Lake,Florida,61
17097,Lake,Illinois,71
18089,Lake,Indiana,72
30047,Lake,Montana,3
39085,Lake,Ohio,24
46079,Lake,South Dakota,61
47095,Lake,Tennessee,40
27077,Lake of the Woods,Minnesota,26
1075,Lamar,Alabama,36
13171,Lamar,Georgia,99
28073,Lamar,Mississippi,60
48277,Lamar,Texas,88
48279,Lamb,Texas,174
50015,Lamoille,Vermont,3
48281,Lampasas,Texas,42
31109,Lancaster,Nebraska,9
42071,Lancaster,Pennsylvania,86
45057,Lancaster,South Carolina,58
32015,Lander,Nevada,35
41039,Lane,Oregon,5
55067,Langlade,Wisconsin,25
13173,Lanier,Georgia,67
26087,Lapeer,Michigan,43
56021,Laramie,Wyoming,4
8069,Larimer,Colorado,15
21123,Larue,Kentucky,6
8071,Las Animas,Colorado,6
6035,Lassen,California,3
40077,Latimer,Oklahoma,19
1077,Lauderdale,Alabama,43
28075,Lauderdale,Mississippi,172
47097,Lauderdale,Tennessee,69
21125,Laurel,Kentucky,11
13175,Laurens,Georgia,181
45059,Laurens,South Carolina,86
48285,Lavaca,Texas,183
1079,Lawrence,Alabama,91
5075,Lawrence,Arkansas,85
17101,Lawrence,Illinois,50
18093,Lawrence,Indiana,70
28077,Lawrence,Mississippi,112
29109,Lawrence,Missouri,36
39087,Lawrence,Ohio,40
42073,Lawrence,Pennsylvania,29
46081,Lawrence,South Dakota,19
47099,Lawrence,Tennessee,38
40079,Le Flore,Oklahoma,42
27079,Le Sueur,Minnesota,17
35025,Lea,New Mexico,40
28079,Leake,Mississippi,171
20103,Leavenworth,Kansas,20
42075,Lebanon,Pennsylvania,46
1081,Lee,Alabama,40
5077,Lee,Arkansas,200
12071,Lee,Florida,65
13177,Lee,Georgia,90
17103,Lee,Illinois,2
19111,Lee,Iowa,26
28081,Lee,Mississippi,92
37105,Lee,North Carolina,26
45061,Lee,South Carolina,204
48287,Lee,Texas,81
51105,Lee,Virginia,38
26089,Leelanau,Michigan,4
28083,Leflore,Mississippi,297
42077,Lehigh,Pennsylvania,98
26091,Lenawee,Michigan,18
37107,Lenoir,North Carolina,62
12073,Leon,Florida,33
48289,Leon,Texas,57
21133,Letcher,Kentucky,9
12075,Levy,Florida,26
16061,Lewis,Idaho,51
21135,Lewis,Kentucky,113
29111,Lewis,Missouri,20
47101,Lewis,Tennessee,16
53041,Lewis,Washington,10
54041,Lewis,West Virginia,12
30049,Lewis and Clark,Montana,4
45063,Lexington,South Carolina,65
12077,Liberty,Florida,118
13179,Liberty,Georgia,39
48291,Liberty,Texas,62
39089,Licking,Ohio,36
1083,Limestone,Alabama,28
48293,Limestone,Texas,68
5079,Lincoln,Arkansas,127
13181,Lincoln,Georgia,88
20105,Lincoln,Kansas,33
21137,Lincoln,Kentucky,73
22061,Lincoln,Louisiana,101
23015,Lincoln,Maine,2
28085,Lincoln,Mississippi,157
29113,Lincoln,Missouri,8
30053,Lincoln,Montana,15
31111,Lincoln,Nebraska,11
35027,Lincoln,New Mexico,20
37109,Lincoln,North Carolina,19
40081,Lincoln,Oklahoma,37
41041,Lincoln,Oregon,26
46083,Lincoln,South Dakota,23
47103,Lincoln,Tennessee,5
53043,Lincoln,Washington,18
54043,Lincoln,West Virginia,9
55069,Lincoln,Wisconsin,18
56023,Lincoln,Wyoming,10
19113,Linn,Iowa,54
20107,Linn,Kansas,10
29115,Linn,Missouri,16
41043,Linn,Oregon,10
48295,Lipscomb,Texas,29
9005,Litchfield,Connecticut,78
5081,Little River,Arkansas,283
48297,Live Oak,Texas,73
17105,Livingston,Illinois,25
21139,Livingston,Kentucky,10
22063,Livingston,Louisiana,56
26093,Livingston,Michigan,16
29117,Livingston,Missouri,39
36051,Livingston,New York,12
48299,Llano,Texas,9
5083,Logan,Arkansas,9
8075,Logan,Colorado,46
17107,Logan,Illinois,13
21141,Logan,Kentucky,111
39091,Logan,Ohio,6
40083,Logan,Oklahoma,4
54045,Logan,West Virginia,131
13183,Long,Georgia,21
5085,Lonoke,Arkansas,31
39093,Lorain,Ohio,28
6037,Los Angeles,California,68
47105,Loudon,Tennessee,18
51107,Loudoun,Virginia,31
19115,Louisa,Iowa,134
51109,Louisa,Virginia,19
40085,Love,Oklahoma,9
1085,Lowndes,Alabama,270
13185,Lowndes,Georgia,73
28087,Lowndes,Mississippi,105
48303,Lubbock,Texas,49
19117,Lucas,Iowa,69
39095,Lucas,Ohio,86
13187,Lumpkin,Georgia,42
35029,Luna,New Mexico,41
51111,Lunenburg,Virginia,24
42079,Luzerne,Pennsylvania,59
42081,Lycoming,Pennsylvania,25
46085,Lyman,South Dakota,104
48305,Lynn,Texas,85
19119,Lyon,Iowa,59
20111,Lyon,Kansas,110
21143,Lyon,Kentucky,49
27083,Lyon,Minnesota,23
32019,Lyon,Nevada,17
26099,Macomb,Michigan,121
1087,Macon,Alabama,103
13193,Macon,Georgia,76
17115,Macon,Illinois,45
29121,Macon,Missouri,6
37113,Macon,North Carolina,19
47111,Macon,Tennessee,98
17117,Macoupin,Illinois,19
6039,Madera,California,46
1089,Madison,Alabama,25
5087,Madison,Arkansas,30
12079,Madison,Florida,129
13195,Madison,Georgia,37
16065,Madison,Idaho,5
17119,Madison,Illinois,57
18095,Madison,Indiana,67
19121,Madison,Iowa,12
21151,Madison,Kentucky,11
22065,Madison,Louisiana,71
28089,Madison,Mississippi,87
29123,Madison,Missouri,16
30057,Madison,Montana,11
31119,Madison,Nebraska,22
36053,Madison,New York,24
37115,Madison,North Carolina,4
39097,Madison,Ohio,31
47113,Madison,Tennessee,79
48313,Madison,Texas,41
51113,Madison,Virginia,22
19123,Mahaska,Iowa,99
27087,Mahnomen,Minnesota,18
39099,Mahoning,Ohio,123
40093,Major,Oklahoma,26
41045,Malheur,Oregon,107
12081,Manatee,Florida,81
26101,Manistee,Michigan,12
55071,Manitowoc,Wisconsin,8
55073,Marathon,Wisconsin,23
1091,Marengo,Alabama,110
4013,Maricopa,Arizona,79
6041,Marin,California,47
55075,Marinette,Wisconsin,22
1093,Marion,Alabama,97
5089,Marion,Arkansas,11
12083,Marion,Florida,93
13197,Marion,Georgia,107
17121,Marion,Illinois,31
18097,Marion,Indiana,81
19125,Marion,Iowa,29
20115,Marion,Kansas,8
21155,Marion,Kentucky,46
28091,Marion,Mississippi,169
29127,Marion,Missouri,48
39101,Marion,Ohio,75
41047,Marion,Oregon,30
45067,Marion,South Carolina,115
47115,Marion,Tennessee,31
48315,Marion,Texas,141
54049,Marion,West Virginia,8
6043,Mariposa,California,11
45069,Marlboro,South Carolina,45
26103,Marquette,Michigan,18
55077,Marquette,Wisconsin,12
1095,Marshall,Alabama,49
17123,Marshall,Illinois,26
18099,Marshall,Indiana,56
19127,Marshall,Iowa,90
21157,Marshall,Kentucky,12
27089,Marshall,Minnesota,10
28093,Marshall,Mississippi,73
40095,Marshall,Oklahoma,11
47117,Marshall,Tennessee,23
54051,Marshall,West Virginia,3
12085,Martin,Florida,96
21159,Martin,Kentucky,26
27091,Martin,Minnesota,80
37117,Martin,North Carolina,70
48317,Martin,Texas,121
17125,Mason,Illinois,7
21161,Mason,Kentucky,11
26105,Mason,Michigan,3
48319,Mason,Texas,46
53045,Mason,Washington,13
54053,Mason,West Virginia,22
17127,Massac,Illinois,14
48321,Matagorda,Texas,139
2170,Matanuska-Susitna,Alaska,2
15009,Maui,Hawaii,10
47119,Maury,Tennessee,37
48323,Maverick,Texas,242
40097,Mayes,Oklahoma,26
40087,McClain,Oklahoma,22
46087,McCook,South Dakota,18
45065,McCormick,South Carolina,74
21145,McCracken,Kentucky,16
21147,McCreary,Kentucky,5
48307,McCulloch,Texas,50
40089,McCurtain,Oklahoma,113
29119,McDonald,Missouri,47
17109,McDonough,Illinois,50
37111,McDowell,North Carolina,68
54047,McDowell,West Virginia,5
13189,McDuffie,Georgia,69
17111,McHenry,Illinois,38
38049,McHenry,North Dakota,206
13191,McIntosh,Georgia,48
38051,McIntosh,North Dakota,154
40091,McIntosh,Oklahoma,45
42083,McKean,Pennsylvania,4
38053,McKenzie,North Dakota,29
35031,McKinley,New Mexico,361
17113,McLean,Illinois,17
21149,McLean,Kentucky,32
38055,McLean,North Dakota,73
48309,McLennan,Texas,49
27085,McLeod,Minnesota,8
47107,McMinn,Tennessee,60
48311,McMullen,Texas,133
47109,McNairy,Tennessee,96
20113,McPherson,Kansas,17
20119,Meade,Kansas,24
21163,Meade,Kentucky,10
46093,Meade,South Dakota,31
30059,Meagher,Montana,107
37119,Mecklenburg,North Carolina,34
51117,Mecklenburg,Virginia,110
26107,Mecosta,Michigan,9
39103,Medina,Ohio,23
48325,Medina,Texas,94
27093,Meeker,Minnesota,12
39105,Meigs,Ohio,51
47121,Meigs,Tennessee,32
17129,Menard,Illinois,8
6045,Mendocino,California,23
21165,Menifee,Kentucky,15
26109,Menominee,Michigan,13
6047,Merced,California,55
17131,Mercer,Illinois,38
21167,Mercer,Kentucky,22
34021,Mercer,New Jersey,172
38057,Mercer,North Dakota,36
39107,Mercer,Ohio,65
42085,Mercer,Pennsylvania,22
54055,Mercer,West Virginia,50
13199,Meriwether,Georgia,75
31121,Merrick,Nebraska,12
33013,Merrimack,New Hampshire,15
8077,Mesa,Colorado,5
21169,Metcalfe,Kentucky,19
18103,Miami,Indiana,14
20121,Miami,Kansas,5
39109,Miami,Ohio,52
12086,Miami-Dade,Florida,128
9007,Middlesex,Connecticut,119
25017,Middlesex,Massachusetts,137
34023,Middlesex,New Jersey,173
51119,Middlesex,Virginia,102
26111,Midland,Michigan,15
48329,Midland,Texas,50
42087,Mifflin,Pennsylvania,6
48331,Milam,Texas,27
27095,Mille Lacs,Minnesota,26
5091,Miller,Arkansas,34
13201,Miller,Georgia,35
29131,Miller,Missouri,19
19129,Mills,Iowa,6
55079,Milwaukee,Wisconsin,58
54057,Mineral,West Virginia,14
54059,Mingo,West Virginia,42
16067,Minidoka,Idaho,38
46099,Minnehaha,South Dakota,49
26113,Missaukee,Michigan,6
5093,Mississippi,Arkansas,150
29133,Mississippi,Missouri,37
30063,Missoula,Montana,5
13205,Mitchell,Georgia,202
37121,Mitchell,North Carolina,26
48335,Mitchell,Texas,24
1097,Mobile,Alabama,75
8081,Moffat,Colorado,7
4015,Mohave,Arizona,109
29135,Moniteau,Missouri,43
34025,Monmouth,New Jersey,139
6051,Mono,California,14
19133,Monona,Iowa,11
54061,Monongalia,West Virginia,4
1099,Monroe,Alabama,42
12087,Monroe,Florida,33
13207,Monroe,Georgia,196
17133,Monroe,Illinois,78
18105,Monroe,Indiana,25
19135,Monroe,Iowa,141
21171,Monroe,Kentucky,37
26115,Monroe,Michigan,19
28095,Monroe,Mississippi,202
29137,Monroe,Missouri,11
36055,Monroe,New York,40
39111,Monroe,Ohio,130
42089,Monroe,Pennsylvania,79
47123,Monroe,Tennessee,49
54063,Monroe,West Virginia,60
55081,Monroe,Wisconsin,6
48337,Montague,Texas,20
26117,Montcalm,Michigan,12
6053,Monterey,California,19
8083,Montezuma,Colorado,19
1101,Montgomery,Alabama,86
5097,Montgomery,Arkansas,89
13209,Montgomery,Georgia,97
17135,Montgomery,Illinois,48
18107,Montgomery,Indiana,57
19137,Montgomery,Iowa,49
20125,Montgomery,Kansas,18
21173,Montgomery,Kentucky,14
24031,Montgomery,Maryland,81
28097,Montgomery,Mississippi,229
29139,Montgomery,Missouri,8
36057,Montgomery,New York,8
37123,Montgomery,North Carolina,139
39113,Montgomery,Ohio,34
42091,Montgomery,Pennsylvania,107
47125,Montgomery,Tennessee,24
48339,Montgomery,Texas,28
51121,Montgomery,Virginia,5
42093,Montour,Pennsylvania,38
8085,Montrose,Colorado,30
46101,Moody,South Dakota,30
37125,Moore,North Carolina,38
47127,Moore,Tennessee,31
48341,Moore,Texas,102
22067,Morehouse,Louisiana,94
1103,Morgan,Alabama,26
8087,Morgan,Colorado,168
13211,Morgan,Georgia,26
17137,Morgan,Illinois,70
18109,Morgan,Indiana,57
29141,Morgan,Missouri,29
47129,Morgan,Tennessee,27
34027,Morris,New Jersey,168
48343,Morris,Texas,40
27097,Morrison,Minnesota,18
39117,Morrow,Ohio,5
41049,Morrow,Oregon,52
20129,Morton,Kansas,74
38059,Morton,North Dakota,154
17139,Moultrie,Illinois,33
38061,Mountrail,North Dakota,58
27099,Mower,Minnesota,29
21177,Muhlenberg,Kentucky,38
41051,Multnomah,Oregon,18
13213,Murray,Georgia,20
27101,Murray,Minnesota,36
40099,Murray,Oklahoma,14
19139,Muscatine,Iowa,132
13215,Muscogee,Georgia,89
26121,Muskegon,Michigan,43
39119,Muskingum,Ohio,4
40101,Muskogee,Oklahoma,40
30065,Musselshell,Montana,21
48347,Nacogdoches,Texas,100
6055,Napa,California,10
37127,Nash,North Carolina,63
12089,Nassau,Florida,58
36059,Nassau,New York,162
22069,Natchitoches,Louisiana,67
56025,Natrona,Wyoming,8
4017,Navajo,Arizona,213
48349,Navarro,Texas,60
21179,Nelson,Kentucky,8
38063,Nelson,North Dakota,104
51125,Nelson,Virginia,13
20131,Nemaha,Kansas,9
28099,Neshoba,Mississippi,381
20135,Ness,Kansas,281
5099,Nevada,Arkansas,168
6057,Nevada,California,8
10003,New Castle,Delaware,59
37129,New Hanover,North Carolina,15
9009,New Haven,Connecticut,130
51127,New Kent,Virginia,13
9011,New London,Connecticut,48
29143,New Madrid,Missouri,115
36061,New York,New York,195
26123,Newaygo,Michigan,4
45071,Newberry,South Carolina,93
44005,Newport,Rhode Island,12
5101,Newton,Arkansas,243
13217,Newton,Georgia,85
18111,Newton,Indiana,78
28101,Newton,Mississippi,125
29145,Newton,Missouri,29
48351,Newton,Texas,94
16069,Nez Perce,Idaho,59
36063,Niagara,New York,47
21181,Nicholas,Kentucky,13
54067,Nicholas,West Virginia,12
27103,Nicollet,Minnesota,49
18113,Noble,Indiana,69
40103,Noble,Oklahoma,26
27105,Nobles,Minnesota,72
29147,Nodaway,Missouri,44
48353,Nolan,Texas,33
25021,Norfolk,Massachusetts,154
37131,Northampton,North Carolina,91
42095,Northampton,Pennsylvania,101
51131,Northampton,Virginia,264
42097,Northumberland,Pennsylvania,107
51133,Northumberland,Virginia,57
20137,Norton,Kansas,18
51135,Nottoway,Virginia,129
40105,Nowata,Oklahoma,39
28103,Noxubee,Mississippi,151
48355,Nueces,Texas,120
32023,Nye,Nevada,35
19141,O'Brien,Iowa,72
26125,Oakland,Michigan,97
47131,Obion,Tennessee,56
34029,Ocean,New Jersey,175
26127,Oceana,Michigan,22
48357,Ochiltree,Texas,50
13219,Oconee,Georgia,68
45073,Oconee,South Carolina,39
55083,Oconto,Wisconsin,15
26129,Ogemaw,Michigan,23
46102,Oglala Lakota,South Dakota,34
17141,Ogle,Illinois,13
13221,Oglethorpe,Georgia,73
18115,Ohio,Indiana,119
21183,Ohio,Kentucky,37
54069,Ohio,West Virginia,16
12091,Okaloosa,Florida,61
53047,Okanogan,Washington,23
12093,Okeechobee,Florida,89
40107,Okfuskee,Oklahoma,49
40109,Oklahoma,Oklahoma,27
40111,Okmulgee,Oklahoma,20
28105,Oktibbeha,Mississippi,108
21185,Oldham,Kentucky,39
48359,Oldham,Texas,46
27109,Olmsted,Minnesota,18
36065,Oneida,New York,55
55085,Oneida,Wisconsin,16
36067,Onondaga,New York,44
37133,Onslow,North Carolina,13
36069,Ontario,New York,31
6059,Orange,California,44
12095,Orange,Florida,38
18117,Orange,Indiana,123
36071,Orange,New York,131
37135,Orange,North Carolina,39
48361,Orange,Texas,55
51137,Orange,Virginia,13
45075,Orangeburg,South Carolina,148
22071,Orleans,Louisiana,150
36073,Orleans,New York,132
20139,Osage,Kansas,6
29151,Osage,Missouri,21
40113,Osage,Oklahoma,27
12097,Osceola,Florida,49
26135,Oscoda,Michigan,12
36075,Oswego,New York,3
8089,Otero,Colorado,32
35035,Otero,New Mexico,19
31131,Otoe,Nebraska,6
26137,Otsego,Michigan,44
36077,Otsego,New York,8
26139,Ottawa,Michigan,24
39123,Ottawa,Ohio,73
40115,Ottawa,Oklahoma,25
27111,Otter Tail,Minnesota,10
5103,Ouachita,Arkansas,29
22073,Ouachita,Louisiana,102
8091,Ouray,Colorado,20
55087,Outagamie,Wisconsin,25
47133,Overton,Tennessee,49
18119,Owen,Indiana,4
21187,Owen,Kentucky,18
21189,Owsley,Kentucky,22
16073,Owyhee,Idaho,42
23017,Oxford,Maine,3
29153,Ozark,Missouri,11
55089,Ozaukee,Wisconsin,25
53049,Pacific,Washington,13
51139,Page,Virginia,125
12099,Palm Beach,Florida,100
19147,Palo Alto,Iowa,11
48363,Palo Pinto,Texas,58
37137,Pamlico,North Carolina,15
28107,Panola,Mississippi,105
48365,Panola,Texas,116
8093,Park,Colorado,5
56029,Park,Wyoming,6
18121,Parke,Indiana,11
48367,Parker,Texas,30
48369,Parmer,Texas,162
12101,Pasco,Florida,41
37139,Pasquotank,North Carolina,83
34031,Passaic,New Jersey,250
51141,Patrick,Virginia,147
13223,Paulding,Georgia,36
39125,Paulding,Ohio,5
20145,Pawnee,Kansas,15
40117,Pawnee,Oklahoma,30
16075,Payette,Idaho,42
40119,Payne,Oklahoma,12
13225,Peach,Georgia,87
28109,Pearl River,Mississippi,101
48371,Pecos,Texas,31
29155,Pemiscot,Missouri,73
37141,Pender,North Carolina,12
54071,Pendleton,West Virginia,14
27113,Pennington,Minnesota,7
46103,Pennington,South Dakota,39
23019,Penobscot,Maine,3
17143,Peoria,Illinois,33
31135,Perkins,Nebraska,341
37143,Perquimans,North Carolina,22
1105,Perry,Alabama,65
17145,Perry,Illinois,75
18123,Perry,Indiana,73
21193,Perry,Kentucky,34
28111,Perry,Mississippi,184
29157,Perry,Missouri,36
39127,Perry,Ohio,30
42099,Perry,Pennsylvania,13
47135,Perry,Tennessee,12
37145,Person,North Carolina,22
2195,Petersburg,Alaska,31
29159,Pettis,Missouri,32
29161,Phelps,Missouri,42
42101,Philadelphia,Pennsylvania,116
5107,Phillips,Arkansas,83
20147,Phillips,Kansas,169
39129,Pickaway,Ohio,79
1107,Pickens,Alabama,85
13227,Pickens,Georgia,28
45077,Pickens,South Carolina,43
47137,Pickett,Tennessee,98
13229,Pierce,Georgia,123
31139,Pierce,Nebraska,112
53053,Pierce,Washington,24
55093,Pierce,Wisconsin,16
1109,Pike,Alabama,35
5109,Pike,Arkansas,9
13231,Pike,Georgia,59
17149,Pike,Illinois,25
18125,Pike,Indiana,96
21195,Pike,Kentucky,5
28113,Pike,Mississippi,139
29163,Pike,Missouri,43
42103,Pike,Pennsylvania,41
4019,Pima,Arizona,61
4021,Pinal,Arizona,48
12103,Pinellas,Florida,82
27117,Pipestone,Minnesota,176
8097,Pitkin,Colorado,11
37147,Pitt,North Carolina,19
40121,Pittsburg,Oklahoma,45
51143,Pittsylvania,Virginia,24
6061,Placer,California,13
22075,Plaquemines,Louisiana,81
29165,Platte,Missouri,11
31141,Platte,Nebraska,14
56031,Platte,Wyoming,11
54073,Pleasants,West Virginia,39
19149,Plymouth,Iowa,95
25023,Plymouth,Massachusetts,155
19151,Pocahontas,Iowa,29
5111,Poinsett,Arkansas,66
22077,Pointe Coupee,Louisiana,182
5113,Polk,Arkansas,19
12105,Polk,Florida,82
13233,Polk,Georgia,58
19153,Polk,Iowa,57
27119,Polk,Minnesota,12
29167,Polk,Missouri,24
31143,Polk,Nebraska,37
37149,Polk,North Carolina,53
41053,Polk,Oregon,17
47139,Polk,Tennessee,76
48373,Polk,Texas,59
55095,Polk,Wisconsin,4
30073,Pondera,Montana,16
28115,Pontotoc,Mississippi,59
40123,Pontotoc,Oklahoma,10
5115,Pope,Arkansas,56
17151,Pope,Illinois,23
39133,Portage,Ohio,41
55097,Portage,Wisconsin,21
18127,Porter,Indiana,28
18129,Posey,Indiana,19
40125,Pottawatomie,Oklahoma,16
19155,Pottawattamie,Iowa,47
42105,Potter,Pennsylvania,6
48375,Potter,Texas,76
30075,Powder River,Montana,174
16077,Power,Idaho,25
19157,Poweshiek,Iowa,58
51145,Powhatan,Virginia,17
5117,Prairie,Arkansas,49
39135,Preble,Ohio,41
28117,Prentiss,Mississippi,75
48377,Presidio,Texas,100
26141,Presque Isle,Michigan,7
54077,Preston,West Virginia,11
51147,Prince Edward,Virginia,56
51149,Prince George,Virginia,15
24033,Prince George's,Maryland,92
51153,Prince William,Virginia,46
44007,Providence,Rhode Island,142
8101,Pueblo,Colorado,23
5119,Pulaski,Arkansas,49
13235,Pulaski,Georgia,207
17153,Pulaski,Illinois,18
18131,Pulaski,Indiana,8
21199,Pulaski,Kentucky,20
29169,Pulaski,Missouri,15
51155,Pulaski,Virginia,17
40127,Pushmataha,Oklahoma,35
12107,Putnam,Florida,64
13237,Putnam,Georgia,123
18133,Putnam,Indiana,39
29171,Putnam,Missouri,21
36079,Putnam,New York,63
39137,Putnam,Ohio,79
47141,Putnam,Tennessee,65
54079,Putnam,West Virginia,17
35037,Quay,New Mexico,24
24035,Queen Anne's,Maryland,51
36081,Queens,New York,319
13239,Quitman,Georgia,43
28119,Quitman,Mississippi,85
13241,Rabun,Georgia,65
55101,Racine,Wisconsin,51
48379,Rains,Texas,41
54081,Raleigh,West Virginia,10
27123,Ramsey,Minnesota,62
38071,Ramsey,North Dakota,26
48381,Randall,Texas,35
1111,Randolph,Alabama,61
5121,Randolph,Arkansas,128
13243,Randolph,Georgia,424
17157,Randolph,Illinois,43
18135,Randolph,Indiana,32
29175,Randolph,Missouri,12
37151,Randolph,North Carolina,39
54083,Randolph,West Virginia,3
28121,Rankin,Mississippi,55
22079,Rapides,Louisiana,117
51157,Rappahannock,Virginia,27
30081,Ravalli,Montana,9
29177,Ray,Missouri,8
48383,Reagan,Texas,160
48385,Real,Texas,230
27125,Red Lake,Minnesota,50
22081,Red River,Louisiana,283
48387,Red River,Texas,123
27127,Redwood,Minnesota,65
48389,Reeves,Texas,38
48391,Refugio,Texas,213
20155,Reno,Kansas,16
36083,Rensselaer,New York,26
27129,Renville,Minnesota,75
38075,Renville,North Dakota,84
20157,Republic,Kansas,21
47143,Rhea,Tennessee,48
20159,Rice,Kansas,10
27131,Rice,Minnesota,13
31147,Richardson,Nebraska,25
17159,Richland,Illinois,88
22083,Richland,Louisiana,79
30083,Richland,Montana,18
38077,Richland,North Dakota,12
39139,Richland,Ohio,19
45079,Richland,South Carolina,63
55103,Richland,Wisconsin,34
13245,Richmond,Georgia,86
36085,Richmond,New York,229
37153,Richmond,North Carolina,53
51159,Richmond,Virginia,44
51760,Richmond City,Virginia,27
20161,Riley,Kansas,14
19159,Ringgold,Iowa,40
35039,Rio Arriba,New Mexico,38
8105,Rio Grande,Colorado,17
18137,Ripley,Indiana,28
29181,Ripley,Missouri,29
6065,Riverside,California,51
47145,Roane,Tennessee,11
54087,Roane,West Virginia,14
51161,Roanoke,Virginia,9
51770,Roanoke City,Virginia,32
46109,Roberts,South Dakota,38
21201,Robertson,Kentucky,46
47147,Robertson,Tennessee,54
48395,Robertson,Texas,23
37155,Robeson,North Carolina,65
27133,Rock,Minnesota,10
31149,Rock,Nebraska,73
55105,Rock,Wisconsin,23
17161,Rock Island,Illinois,61
51163,Rockbridge,Virginia,13
21203,Rockcastle,Kentucky,5
13247,Rockdale,Georgia,44
33015,Rockingham,New Hampshire,33
37157,Rockingham,North Carolina,18
51165,Rockingham,Virginia,28
36087,Rockland,New York,208
48397,Rockwall,Texas,30
40129,Roger Mills,Oklahoma,54
40131,Rogers,Oklahoma,57
38079,Rolette,North Dakota,48
20163,Rooks,Kansas,139
30085,Roosevelt,Montana,126
35041,Roosevelt,New Mexico,32
26143,Roscommon,Michigan,16
30087,Rosebud,Montana,220
39141,Ross,Ohio,42
8107,Routt,Colorado,31
21205,Rowan,Kentucky,4
37159,Rowan,North Carolina,77
48399,Runnels,Texas,87
18139,Rush,Indiana,24
48401,Rusk,Texas,36
55107,Rusk,Wisconsin,7
1113,Russell,Alabama,5
20167,Russell,Kansas,43
21207,Russell,Kentucky,33
51167,Russell,Virginia,29
37161,Rutherford,North Carolina,68
47149,Rutherford,Tennessee,32
50021,Rutland,Vermont,1
22085,Sabine,Louisiana,58
48403,Sabine,Texas,84
19161,Sac,Iowa,30
6067,Sacramento,California,30
26145,Saginaw,Michigan,77
8109,Saguache,Colorado,29
34033,Salem,New Jersey,140
5125,Saline,Arkansas,23
17165,Saline,Illinois,29
20169,Saline,Kansas,23
29195,Saline,Missouri,39
31151,Saline,Nebraska,13
49035,Salt Lake,Utah,24
45081,Saluda,South Carolina,107
37163,Sampson,North Carolina,44
48405,San Augustine,Texas,182
6069,San Benito,California,22
6071,San Bernardino,California,47
6073,San Diego,California,25
6075,San Francisco,California,15
48407,San Jacinto,Texas,38
6077,San Joaquin,California,64
35045,San Juan,New Mexico,162
49037,San Juan,Utah,187
6079,San Luis Obispo,California,11
6081,San Mateo,California,20
48409,San Patricio,Texas,118
30089,Sanders,Montana,8
35043,Sandoval,New Mexico,30
39143,Sandusky,Ohio,37
17167,Sangamon,Illinois,27
26151,Sanilac,Michigan,16
6083,Santa Barbara,California,26
6085,Santa Clara,California,19
4023,Santa Cruz,Arizona,139
6087,Santa Cruz,California,8
35049,Santa Fe,New Mexico,5
12113,Santa Rosa,Florida,47
12115,Sarasota,Florida,72
36091,Saratoga,New York,7
38081,Sargent,North Dakota,51
31153,Sarpy,Nebraska,17
55111,Sauk,Wisconsin,9
31155,Saunders,Nebraska,18
55113,Sawyer,Wisconsin,6
36093,Schenectady,New York,32
48413,Schleicher,Texas,69
13249,Schley,Georgia,38
17169,Schuyler,Illinois,14
42107,Schuylkill,Pennsylvania,49
39145,Scioto,Ohio,11
29199,Scotland,Missouri,20
37165,Scotland,North Carolina,63
5127,Scott,Arkansas,9
18143,Scott,Indiana,54
19163,Scott,Iowa,19
20171,Scott,Kansas,20
21209,Scott,Kentucky,30
27139,Scott,Minnesota,23
28123,Scott,Mississippi,102
29201,Scott,Missouri,46
47151,Scott,Tennessee,18
51169,Scott,Virginia,23
31157,Scotts Bluff,Nebraska,22
13251,Screven,Georgia,78
48415,Scurry,Texas,65
5129,Searcy,Arkansas,12
5131,Sebastian,Arkansas,68
8115,Sedgwick,Colorado,43
20173,Sedgwick,Kansas,23
12117,Seminole,Florida,50
13253,Seminole,Georgia,132
40133,Seminole,Oklahoma,24
36099,Seneca,New York,8
39147,Seneca,Ohio,25
47153,Sequatchie,Tennessee,26
40135,Sequoyah,Oklahoma,31
5133,Sevier,Arkansas,93
47155,Sevier,Tennessee,20
20175,Seward,Kansas,32
31159,Seward,Nebraska,17
29203,Shannon,Missouri,36
28125,Sharkey,Mississippi,319
5135,Sharp,Arkansas,51
6089,Shasta,California,16
55115,Shawano,Wisconsin,19
20177,Shawnee,Kansas,38
55117,Sheboygan,Wisconsin,17
1117,Shelby,Alabama,27
17173,Shelby,Illinois,36
18145,Shelby,Indiana,65
19165,Shelby,Iowa,8
21211,Shelby,Kentucky,49
29205,Shelby,Missouri,16
39149,Shelby,Ohio,28
47157,Shelby,Tennessee,58
48419,Shelby,Texas,118
51171,Shenandoah,Virginia,135
27141,Sherburne,Minnesota,21
38083,Sheridan,North Dakota,74
56033,Sheridan,Wyoming,13
31163,Sherman,Nebraska,98
48421,Sherman,Texas,32
26155,Shiawassee,Michigan,48
16079,Shoshone,Idaho,148
27143,Sibley,Minnesota,19
35051,Sierra,New Mexico,9
21213,Simpson,Kentucky,43
28127,Simpson,Mississippi,179
19167,Sioux,Iowa,31
38085,Sioux,North Dakota,91
53057,Skagit,Washington,17
53059,Skamania,Washington,8
28129,Smith,Mississippi,99
47159,Smith,Tennessee,65
48423,Smith,Texas,53
51173,Smyth,Virginia,72
53061,Snohomish,Washington,26
42109,Snyder,Pennsylvania,37
35053,Socorro,New Mexico,47
6095,Solano,California,16
23025,Somerset,Maine,15
24039,Somerset,Maryland,19
34035,Somerset,New Jersey,177
42111,Somerset,Pennsylvania,4
48425,Somervell,Texas,55
6097,Sonoma,California,25
51175,Southampton,Virginia,176
13255,Spalding,Georgia,93
45083,Spartanburg,South Carolina,67
18147,Spencer,Indiana,29
46115,Spink,South Dakota,15
53063,Spokane,Washington,35
51177,Spotsylvania,Virginia,35
22087,St. Bernard,Louisiana,68
22089,St. Charles,Louisiana,119
29183,St. Charles,Missouri,35
1115,St. Clair,Alabama,47
17163,St. Clair,Illinois,81
26147,St. Clair,Michigan,39
29185,St. Clair,Missouri,10
55109,St. Croix,Wisconsin,10
5123,St. Francis,Arkansas,39
29187,St. Francois,Missouri,32
22091,St. Helena,Louisiana,38
22093,St. James,Louisiana,190
22095,St. John the Baptist,Louisiana,243
12109,St. Johns,Florida,30
18141,St. Joseph,Indiana,56
26149,St. Joseph,Michigan,19
22097,St. Landry,Louisiana,159
36089,St. Lawrence,New York,3
27137,St. Louis,Minnesota,31
29189,St. Louis,Missouri,85
29510,St. Louis City,Missouri,71
12111,St. Lucie,Florida,98
22099,St. Martin,Louisiana,115
22101,St. Mary,Louisiana,168
24037,St. Mary's,Maryland,52
22103,St. Tammany,Louisiana,104
20185,Stafford,Kansas,23
51179,Stafford,Virginia,12
6099,Stanislaus,California,71
37167,Stanly,North Carolina,91
20187,Stanton,Kansas,100
17175,Stark,Illinois,36
38089,Stark,North Dakota,93
39151,Stark,Ohio,47
18149,Starke,Indiana,30
48427,Starr,Texas,277
29186,Ste. Genevieve,Missouri,5
27145,Stearns,Minnesota,21
27147,Steele,Minnesota,5
13257,Stephens,Georgia,157
40137,Stephens,Oklahoma,18
48429,Stephens,Texas,42
17177,Stephenson,Illinois,15
18151,Steuben,Indiana,23
36101,Steuben,New York,59
20189,Stevens,Kansas,17
27149,Stevens,Minnesota,10
53065,Stevens,Washington,11
13259,Stewart,Georgia,258
47161,Stewart,Tennessee,51
30095,Stillwater,Montana,31
29207,Stoddard,Missouri,51
37169,Stokes,North Carolina,10
5137,Stone,Arkansas,160
28131,Stone,Mississippi,74
29209,Stone,Missouri,22
48433,Stonewall,Texas,73
19169,Story,Iowa,17
33017,Strafford,New Hampshire,10
38093,Stutsman,North Dakota,23
56035,Sublette,Wyoming,10
25025,Suffolk,Massachusetts,143
36103,Suffolk,New York,136
18153,Sullivan,Indiana,57
29211,Sullivan,Missouri,16
33019,Sullivan,New Hampshire,2
36105,Sullivan,New York,63
42113,Sullivan,Pennsylvania,16
47163,Sullivan,Tennessee,27
54089,Summers,West Virginia,7
8117,Summit,Colorado,12
39153,Summit,Ohio,47
49043,Summit,Utah,2
20191,Sumner,Kansas,13
47165,Sumner,Tennessee,57
1119,Sumter,Alabama,165
12119,Sumter,Florida,61
13261,Sumter,Georgia,228
45085,Sumter,South Carolina,78
28133,Sunflower,Mississippi,190
37171,Surry,North Carolina,36
51181,Surry,Virginia,77
42115,Susquehanna,Pennsylvania,68
10005,Sussex,Delaware,93
34037,Sussex,New Jersey,139
51183,Sussex,Virginia,106
6101,Sutter,California,12
48435,Sutton,Texas,79
12121,Suwannee,Florida,174
37173,Swain,North Carolina,21
30097,Sweet Grass,Montana,53
56037,Sweetwater,Wyoming,4
27151,Swift,Minnesota,10
48437,Swisher,Texas,40
13263,Talbot,Georgia,111
24041,Talbot,Maryland,16
1121,Talladega,Alabama,42
28135,Tallahatchie,Mississippi,178
1123,Tallapoosa,Alabama,212
19171,Tama,Iowa,212
29213,Taney,Missouri,59
22105,Tangipahoa,Louisiana,91
35055,Taos,New Mexico,12
48439,Tarrant,Texas,37
28137,Tate,Mississippi,135
13267,Tattnall,Georgia,51
12123,Taylor,Florida,69
13269,Taylor,Georgia,149
19173,Taylor,Iowa,32
21217,Taylor,Kentucky,27
48441,Taylor,Texas,45
54091,Taylor,West Virginia,47
55119,Taylor,Wisconsin,29
17179,Tazewell,Illinois,35
51185,Tazewell,Virginia,4
6103,Tehama,California,12
13271,Telfair,Georgia,144
8119,Teller,Colorado,15
22107,Tensas,Louisiana,44
22109,Terrebonne,Louisiana,110
13273,Terrell,Georgia,371
48445,Terry,Texas,48
16081,Teton,Idaho,8
56039,Teton,Wyoming,4
29215,Texas,Missouri,11
40139,Texas,Oklahoma,48
13275,Thomas,Georgia,155
20193,Thomas,Kansas,25
48447,Throckmorton,Texas,132
31173,Thurston,Nebraska,54
53067,Thurston,Washington,7
13277,Tift,Georgia,150
40141,Tillman,Oklahoma,27
36107,Tioga,New York,51
42117,Tioga,Pennsylvania,7
28139,Tippah,Mississippi,90
18157,Tippecanoe,Indiana,7
18159,Tipton,Indiana,152
47167,Tipton,Tennessee,35
28141,Tishomingo,Mississippi,205
48449,Titus,Texas,105
21219,Todd,Kentucky,64
27153,Todd,Minnesota,8
46121,Todd,South Dakota,48
9013,Tolland,Connecticut,44
48451,Tom Green,Texas,62
49045,Tooele,Utah,2
30101,Toole,Montana,123
13279,Toombs,Georgia,208
35057,Torrance,New Mexico,6
38095,Towner,North Dakota,45
13281,Towns,Georgia,101
38097,Traill,North Dakota,37
37175,Transylvania,North Carolina,26
48453,Travis,Texas,35
20195,Trego,Kansas,107
55121,Trempealeau,Wisconsin,6
13283,Treutlen,Georgia,161
48455,Trinity,Texas,47
46123,Tripp,South Dakota,18
13285,Troup,Georgia,148
47169,Trousdale,Tennessee,63
39155,Trumbull,Ohio,67
6107,Tulare,California,59
40143,Tulsa,Oklahoma,28
28143,Tunica,Mississippi,170
6109,Tuolumne,California,7
13287,Turner,Georgia,303
46125,Turner,South Dakota,94
1125,Tuscaloosa,Alabama,63
39157,Tuscarawas,Ohio,23
26157,Tuscola,Michigan,64
13289,Twiggs,Georgia,109
16083,Twin Falls,Idaho,48
48457,Tyler,Texas,18
54095,Tyler,West Virginia,11
37177,Tyrrell,North Carolina,72
56041,Uinta,Wyoming,9
36111,Ulster,New York,53
41059,Umatilla,Oregon,55
47171,Unicoi,Tennessee,5
5139,Union,Arkansas,120
12125,Union,Florida,180
13291,Union,Georgia,104
17181,Union,Illinois,148
19175,Union,Iowa,24
21225,Union,Kentucky,41
22111,Union,Louisiana,219
28145,Union,Mississippi,87
34039,Union,New Jersey,244
35059,Union,New Mexico,48
37179,Union,North Carolina,26
39159,Union,Ohio,5
41061,Union,Oregon,7
42119,Union,Pennsylvania,15
45087,Union,South Carolina,54
46127,Union,South Dakota,64
47173,Union,Tennessee,10
48459,Upshur,Texas,29
54097,Upshur,West Virginia,4
13293,Upson,Georgia,263
48461,Upton,Texas,81
49049,Utah,Utah,11
48463,Uvalde,Texas,134
48465,Val Verde,Texas,251
2261,Valdez-Cordova,Alaska,10
35061,Valencia,New Mexico,5
16085,Valley,Idaho,9
30105,Valley,Montana,26
31175,Valley,Nebraska,23
5141,Van Buren,Arkansas,18
19177,Van Buren,Iowa,28
26159,Van Buren,Michigan,23
47175,Van Buren,Tennessee,17
39161,Van Wert,Ohio,10
48467,Van Zandt,Texas,44
37181,Vance,North Carolina,103
18163,Vanderburgh,Indiana,27
42121,Venango,Pennsylvania,1
6111,Ventura,California,18
17183,Vermilion,Illinois,9
22113,Vermilion,Louisiana,115
18165,Vermillion,Indiana,6
22115,Vernon,Louisiana,112
29217,Vernon,Missouri,14
55123,Vernon,Wisconsin,9
48469,Victoria,Texas,105
18167,Vigo,Indiana,31
55125,Vilas,Wisconsin,13
39163,Vinton,Ohio,22
12127,Volusia,Florida,55
17185,Wabash,Illinois,43
18169,Wabash,Indiana,28
20197,Wabaunsee,Kansas,14
40145,Wagoner,Oklahoma,33
37183,Wake,North Carolina,23
12129,Wakulla,Florida,30
23027,Waldo,Maine,35
1127,Walker,Alabama,144
13295,Walker,Georgia,61
48471,Walker,Texas,84
53071,Walla Walla,Washington,9
48473,Waller,Texas,28
41063,Wallowa,Oregon,28
38099,Walsh,North Dakota,18
28147,Walthall,Mississippi,186
12131,Walton,Florida,40
13297,Walton,Georgia,69
46129,Walworth,South Dakota,17
55127,Walworth,Wisconsin,34
19179,Wapello,Iowa,176
38101,Ward,North Dakota,35
48475,Ward,Texas,8
13299,Ware,Georgia,173
13301,Warren,Georgia,95
17187,Warren,Illinois,41
18171,Warren,Indiana,12
19181,Warren,Iowa,11
21227,Warren,Kentucky,43
28149,Warren,Mississippi,116
29219,Warren,Missouri,2
34041,Warren,New Jersey,161
36113,Warren,New York,51
37185,Warren,North Carolina,35
39165,Warren,Ohio,25
42123,Warren,Pennsylvania,2
47177,Warren,Tennessee,22
51187,Warren,Virginia,34
18173,Warrick,Indiana,99
49051,Wasatch,Utah,27
41065,Wasco,Oregon,56
27161,Waseca,Minnesota,48
56043,Washakie,Wyoming,88
55129,Washburn,Wisconsin,12
1129,Washington,Alabama,73
5143,Washington,Arkansas,58
12133,Washington,Florida,96
13303,Washington,Georgia,53
16087,Washington,Idaho,68
17189,Washington,Illinois,7
18175,Washington,Indiana,7
19183,Washington,Iowa,49
21229,Washington,Kentucky,8
22117,Washington,Louisiana,145
24043,Washington,Maryland,27
27163,Washington,Minnesota,25
28151,Washington,Mississippi,215
29221,Washington,Missouri,56
31177,Washington,Nebraska,33
36115,Washington,New York,22
37187,Washington,North Carolina,67
39167,Washington,Ohio,38
40147,Washington,Oklahoma,79
41067,Washington,Oregon,11
42125,Washington,Pennsylvania,15
44009,Washington,Rhode Island,61
47179,Washington,Tennessee,33
48477,Washington,Texas,136
50023,Washington,Vermont,3
51191,Washington,Virginia,40
55131,Washington,Wisconsin,29
32031,Washoe,Nevada,39
26161,Washtenaw,Michigan,31
37189,Watauga,North Carolina,3
27165,Watonwan,Minnesota,36
55133,Waukesha,Wisconsin,25
55135,Waupaca,Wisconsin,56
55137,Waushara,Wisconsin,12
13305,Wayne,Georgia,100
17191,Wayne,Illinois,55
18177,Wayne,Indiana,34
19185,Wayne,Iowa,46
26163,Wayne,Michigan,172
28153,Wayne,Mississippi,103
29223,Wayne,Missouri,7
36117,Wayne,New York,5
37191,Wayne,North Carolina,62
39169,Wayne,Ohio,58
42127,Wayne,Pennsylvania,23
47181,Wayne,Tennessee,42
54099,Wayne,West Virginia,27
47183,Weakley,Tennessee,74
48479,Webb,Texas,122
13307,Webster,Georgia,76
19187,Webster,Iowa,38
21233,Webster,Kentucky,38
22119,Webster,Louisiana,95
28155,Webster,Mississippi,132
29225,Webster,Missouri,20
8123,Weld,Colorado,49
18179,Wells,Indiana,17
22121,West Baton Rouge,Louisiana,158
22123,West Carroll,Louisiana,100
22125,West Feliciana,Louisiana,161
36119,Westchester,New York,150
42129,Westmoreland,Pennsylvania,19
51193,Westmoreland,Virginia,28
26165,Wexford,Michigan,11
48481,Wharton,Texas,139
53073,Whatcom,Washington,21
30107,Wheatland,Montana,44
13309,Wheeler,Georgia,203
5145,White,Arkansas,40
13311,White,Georgia,73
17193,White,Illinois,7
18181,White,Indiana,62
47185,White,Tennessee,51
32033,White Pine,Nevada,10
17195,Whiteside,Illinois,37
13313,Whitfield,Georgia,60
18183,Whitley,Indiana,17
21235,Whitley,Kentucky,16
53075,Whitman,Washington,6
48485,Wichita,Texas,19
24045,Wicomico,Maryland,47
48487,Wilbarger,Texas,23
1131,Wilcox,Alabama,112
13315,Wilcox,Georgia,283
13317,Wilkes,Georgia,60
37193,Wilkes,North Carolina,52
27167,Wilkin,Minnesota,63
13319,Wilkinson,Georgia,188
28157,Wilkinson,Mississippi,227
17197,Will,Illinois,60
48489,Willacy,Texas,255
38105,Williams,North Dakota,33
39171,Williams,Ohio,10
45089,Williamsburg,South Carolina,150
17199,Williamson,Illinois,85
47187,Williamson,Tennessee,20
48491,Williamson,Texas,26
20205,Wilson,Kansas,23
37195,Wilson,North Carolina,76
47189,Wilson,Tennessee,37
48493,Wilson,Texas,55
9015,Windham,Connecticut,14
50025,Windham,Vermont,7
50027,Windsor,Vermont,3
48495,Winkler,Texas,51
22127,Winn,Louisiana,134
17201,Winnebago,Illinois,58
19189,Winnebago,Iowa,152
55139,Winnebago,Wisconsin,28
19191,Winneshiek,Iowa,44
27169,Winona,Minnesota,35
1133,Winston,Alabama,54
28159,Winston,Mississippi,115
48497,Wise,Texas,21
51195,Wise,Virginia,23
39173,Wood,Ohio,61
48499,Wood,Texas,75
54107,Wood,West Virginia,7
55141,Wood,Wisconsin,12
19193,Woodbury,Iowa,83
17203,Woodford,Illinois,25
40153,Woodward,Oklahoma,24
24047,Worcester,Maryland,57
25027,Worcester,Massachusetts,137
13321,Worth,Georgia,157
19197,Wright,Iowa,7
27171,Wright,Minnesota,10
29229,Wright,Missouri,5
39175,Wyandot,Ohio,59
20209,Wyandotte,Kansas,87
36121,Wyoming,New York,12
42131,Wyoming,Pennsylvania,29
54109,Wyoming,West Virginia,24
51197,Wythe,Virginia,20
37197,Yadkin,North Carolina,23
53077,Yakima,Washington,106
28161,Yalobusha,Mississippi,112
41071,Yamhill,Oregon,14
46135,Yankton,South Dakota,21
36123,Yates,New York,28
4025,Yavapai,Arizona,37
28163,Yazoo,Mississippi,116
5149,Yell,Arkansas,139
27173,Yellow Medicine,Minnesota,51
30111,Yellowstone,Montana,48
48501,Yoakum,Texas,58
6113,Yolo,California,25
23031,York,Maine,9
31185,York,Nebraska,14
42133,York,Pennsylvania,42
45091,York,South Carolina,35
51199,York,Virginia,13
48503,Young,Texas,33
6115,Yuba,California,12
2290,Yukon-Koyukuk,Alaska,37
4027,Yuma,Arizona,166
8125,Yuma,Colorado,9
48505,Zapata,Texas,42
48507,Zavala,Texas,150
46137,Ziebach,South Dakota,36
29001,Adair,Missouri,0
19003,Adams,Iowa,0
38001,Adams,North Dakota,0
2013,Aleutians East,Alaska,0
2016,Aleutians West,Alaska,0
51510,Alexandria City,Virginia,0
40003,Alfalfa,Oklahoma,0
26003,Alger,Michigan,0
6003,Alpine,California,0
20003,Anderson,Kansas,0
26009,Antrim,Michigan,0
8007,Archuleta,Colorado,0
31005,Arthur,Nebraska,0
46003,Aurora,South Dakota,0
37011,Avery,North Carolina,0
8009,Baca,Colorado,0
31007,Banner,Nebraska,0
20007,Barber,Kansas,0
51017,Bath,Virginia,0
40007,Beaver,Oklahoma,0
49001,Beaver,Utah,0
8011,Bent,Colorado,0
18007,Benton,Indiana,0
2050,Bethel,Alaska,0
27011,Big Stone,Minnesota,0
38007,Billings,North Dakota,0
31009,Blaine,Nebraska,0
31011,Boone,Nebraska,0
48033,Borden,Texas,0
49003,Box Elder,Utah,0
31015,Boyd,Nebraska,0
21021,Boyle,Kentucky,0
54007,Braxton,West Virginia,0
21025,Breathitt,Kentucky,0
2060,Bristol Bay,Alaska,0
51520,Bristol City,Virginia,0
30007,Broadwater,Montana,0
17009,Brown,Illinois,0
31017,Brown,Nebraska,0
51530,Buena Vista City,Virginia,0
16023,Butte,Idaho,0
49005,Cache,Utah,0
21033,Caldwell,Kentucky,0
50005,Caledonia,Vermont,0
5013,Calhoun,Arkansas,0
17013,Calhoun,Illinois,0
54013,Calhoun,West Virginia,0
16025,Camas,Idaho,0
42023,Cameron,Pennsylvania,0
46021,Campbell,South Dakota,0
30009,Carbon,Montana,0
49007,Carbon,Utah,0
48065,Carson,Texas,0
30011,Carter,Montana,0
31027,Cedar,Nebraska,0
46023,Charles Mix,South Dakota,0
51037,Charlotte,Virginia,0
51540,Charlottesville City,Virginia,0
31029,Chase,Nebraska,0
20019,Chautauqua,Kansas,0
51550,Chesapeake City,Virginia,0
8017,Cheyenne,Colorado,0
48075,Childress,Texas,0
26033,Chippewa,Michigan,0
30015,Chouteau,Montana,0
40025,Cimarron,Oklahoma,0
16033,Clark,Idaho,0
29045,Clark,Missouri,0
46025,Clark,South Dakota,0
41007,Clatsop,Oregon,0
31035,Clay,Nebraska,0
16035,Clearwater,Idaho,0
27029,Clearwater,Minnesota,0
40029,Coal,Oklahoma,0
48087,Collingsworth,Texas,0
51570,Colonial Heights City,Virginia,0
20033,Comanche,Kansas,0
8021,Conejos,Colorado,0
56009,Converse,Wyoming,0
27031,Cook,Minnesota,0
33007,Coos,New Hampshire,0
41011,Coos,Oregon,0
36023,Cortland,New York,0
27033,Cottonwood,Minnesota,0
51580,Covington City,Virginia,0
51045,Craig,Virginia,0
55023,Crawford,Wisconsin,0
56011,Crook,Wyoming,0
21057,Cumberland,Kentucky,0
8027,Custer,Colorado,0
29057,Dade,Missouri,0
49009,Daggett,Utah,0
30019,Daniels,Montana,0
51590,Danville City,Virginia,0
31045,Dawes,Nebraska,0
35011,De Baca,New Mexico,0
19053,Decatur,Iowa,0
30023,Deer Lodge,Montana,0
48119,Delta,Texas,0
2068,Denali,Alaska,0
31049,Deuel,Nebraska,0
46039,Deuel,South Dakota,0
46041,Dewey,South Dakota,0
2070,Dillingham,Alaska,0
27039,Dodge,Minnesota,0
8033,Dolores,Colorado,0
20043,Doniphan,Kansas,0
49013,Duchesne,Utah,0
25007,Dukes,Massachusetts,0
17047,Edwards,Illinois,0
20047,Edwards,Kansas,0
20049,Elk,Kansas,0
21063,Elliott,Kentucky,0
40045,Ellis,Oklahoma,0
20053,Ellsworth,Kansas,0
49015,Emery,Utah,0
51595,Emporia City,Virginia,0
32009,Esmeralda,Nevada,0
36031,Essex,New York,0
50009,Essex,Vermont,0
21065,Estill,Kentucky,0
32011,Eureka,Nevada,0
30025,Fallon,Montana,0
51610,Falls Church City,Virginia,0
27043,Faribault,Minnesota,0
53019,Ferry,Washington,0
27045,Fillmore,Minnesota,0
21069,Fleming,Kentucky,0
48155,Foard,Texas,0
31061,Franklin,Nebraska,0
36033,Franklin,New York,0
51630,Fredericksburg City,Virginia,0
31063,Frontier,Nebraska,0
17057,Fulton,Illinois,0
51640,Galax City,Virginia,0
31069,Garden,Nebraska,0
30033,Garfield,Montana,0
31071,Garfield,Nebraska,0
49017,Garfield,Utah,0
53023,Garfield,Washington,0
51071,Giles,Virginia,0
41021,Gilliam,Oregon,0
54021,Gilmer,West Virginia,0
8047,Gilpin,Colorado,0
48173,Glasscock,Texas,0
30037,Golden Valley,Montana,0
38033,Golden Valley,North Dakota,0
31073,Gosper,Nebraska,0
49019,Grand,Utah,0
50013,Grand Isle,Vermont,0
30039,Granite,Montana,0
31075,Grant,Nebraska,0
41023,Grant,Oregon,0
20069,Gray,Kansas,0
20071,Greeley,Kansas,0
31077,Greeley,Nebraska,0
19073,Greene,Iowa,0
20073,Greenwood,Kansas,0
2100,Haines,Alaska,0
20075,Hamilton,Kansas,0
36041,Hamilton,New York,0
46057,Hamlin,South Dakota,0
51650,Hampton City,Virginia,0
54029,Hancock,West Virginia,0
17069,Hardin,Illinois,0
35021,Harding,New Mexico,0
46063,Harding,South Dakota,0
31083,Harlan,Nebraska,0
40057,Harmon,Oklahoma,0
41025,Harney,Oregon,0
51660,Harrisonburg City,Virginia,0
48205,Hartley,Texas,0
31085,Hayes,Nebraska,0
48211,Hemphill,Texas,0
17071,Henderson,Illinois,0
51091,Highland,Virginia,0
8053,Hinsdale,Colorado,0
31087,Hitchcock,Nebraska,0
20083,Hodgeman,Kansas,0
2105,Hoonah-Angoon,Alaska,0
51670,Hopewell City,Virginia,0
56017,Hot Springs,Wyoming,0
46069,Hyde,South Dakota,0
16049,Idaho,Idaho,0
48235,Irion,Texas,0
29093,Iron,Missouri,0
49021,Iron,Utah,0
8057,Jackson,Colorado,0
48243,Jeff Davis,Texas,0
30043,Jefferson,Montana,0
31095,Jefferson,Nebraska,0
36045,Jefferson,New York,0
40067,Jefferson,Oklahoma,0
53031,Jefferson,Washington,0
17087,Johnson,Illinois,0
31097,Johnson,Nebraska,0
46075,Jones,South Dakota,0
49023,Juab,Utah,0
30045,Judith Basin,Montana,0
15005,Kalawao,Hawaii,0
49025,Kane,Utah,0
15007,Kauai,Hawaii,0
31099,Kearney,Nebraska,0
31101,Keith,Nebraska,0
48263,Kent,Texas,0
2130,Ketchikan Gateway,Alaska,0
26083,Keweenaw,Michigan,0
31103,Keya Paha,Nebraska,0
31105,Kimball,Nebraska,0
48269,King,Texas,0
8061,Kiowa,Colorado,0
20097,Kiowa,Kansas,0
27069,Kittson,Minnesota,0
31107,Knox,Nebraska,0
2150,Kodiak Island,Alaska,0
19109,Kossuth,Iowa,0
2158,Kusilvak,Alaska,0
22059,La Salle,Louisiana,0
8065,Lake,Colorado,0
26085,Lake,Michigan,0
27075,Lake,Minnesota,0
41037,Lake,Oregon,0
2164,Lake and Peninsula,Alaska,0
51103,Lancaster,Virginia,0
20101,Lane,Kansas,0
16057,Latah,Idaho,0
21127,Lawrence,Kentucky,0
21129,Lee,Kentucky,0
16059,Lemhi,Idaho,0
21131,Leslie,Kentucky,0
36049,Lewis,New York,0
51678,Lexington City,Virginia,0
30051,Liberty,Montana,0
8073,Lincoln,Colorado,0
16063,Lincoln,Idaho,0
27081,Lincoln,Minnesota,0
32017,Lincoln,Nevada,0
20109,Logan,Kansas,0
31113,Logan,Nebraska,0
38047,Logan,North Dakota,0
35028,Los Alamos,New Mexico,0
31115,Loup,Nebraska,0
48301,Loving,Texas,0
26095,Luce,Michigan,0
51680,Lynchburg City,Virginia,0
26097,Mackinac,Michigan,0
21153,Magoffin,Kentucky,0
51683,Manassas City,Virginia,0
51685,Manassas Park City,Virginia,0
29125,Maries,Missouri,0
20117,Marshall,Kansas,0
46091,Marshall,South Dakota,0
18101,Martin,Indiana,0
51690,Martinsville City,Virginia,0
51115,Mathews,Virginia,0
30055,McCone,Montana,0
31117,McPherson,Nebraska,0
46089,McPherson,South Dakota,0
46095,Mellette,South Dakota,0
48327,Menard,Texas,0
55078,Menominee,Wisconsin,0
29129,Mercer,Missouri,0
49027,Millard,Utah,0
48333,Mills,Texas,0
46097,Miner,South Dakota,0
8079,Mineral,Colorado,0
30061,Mineral,Montana,0
32021,Mineral,Nevada,0
19131,Mitchell,Iowa,0
20123,Mitchell,Kansas,0
6049,Modoc,California,0
5095,Monroe,Arkansas,0
26119,Montmorency,Michigan,0
35033,Mora,New Mexico,0
21175,Morgan,Kentucky,0
39115,Morgan,Ohio,0
49029,Morgan,Utah,0
54065,Morgan,West Virginia,0
31123,Morrill,Nebraska,0
20127,Morris,Kansas,0
48345,Motley,Texas,0
31125,Nance,Nebraska,0
25019,Nantucket,Massachusetts,0
31127,Nemaha,Nebraska,0
20133,Neosho,Kansas,0
51700,Newport News City,Virginia,0
56027,Niobrara,Wyoming,0
39121,Noble,Ohio,0
2180,Nome,Alaska,0
51710,Norfolk City,Virginia,0
27107,Norman,Minnesota,0
2185,North Slope,Alaska,0
2188,Northwest Arctic,Alaska,0
51720,Norton City,Virginia,0
31129,Nuckolls,Nebraska,0
38065,Oliver,North Dakota,0
16071,Oneida,Idaho,0
26131,Ontonagon,Michigan,0
50017,Orange,Vermont,0
29149,Oregon,Missouri,0
50019,Orleans,Vermont,0
20141,Osborne,Kansas,0
19143,Osceola,Iowa,0
26133,Osceola,Michigan,0
20143,Ottawa,Kansas,0
80013,Out of GA,Georgia,0
80015,Out of HI,Hawaii,0
80026,Out of MI,Michigan,0
80047,Out of TN,Tennessee,0
19145,Page,Iowa,0
30067,Park,Montana,0
31133,Pawnee,Nebraska,0
38067,Pembina,North Dakota,0
53051,Pend Oreille,Washington,0
21191,Pendleton,Kentucky,0
55091,Pepin,Wisconsin,0
46105,Perkins,South Dakota,0
5105,Perry,Arkansas,0
32027,Pershing,Nevada,0
51730,Petersburg City,Virginia,0
30069,Petroleum,Montana,0
31137,Phelps,Nebraska,0
8095,Phillips,Colorado,0
30071,Phillips,Montana,0
17147,Piatt,Illinois,0
38069,Pierce,North Dakota,0
39131,Pike,Ohio,0
27115,Pine,Minnesota,0
23021,Piscataquis,Maine,0
49031,Piute,Utah,0
6063,Plumas,California,0
54075,Pocahontas,West Virginia,0
27121,Pope,Minnesota,0
51735,Poquoson City,Virginia,0
51740,Portsmouth City,Virginia,0
20149,Pottawatomie,Kansas,0
46107,Potter,South Dakota,0
21197,Powell,Kentucky,0
30077,Powell,Montana,0
30079,Prairie,Montana,0
20151,Pratt,Kansas,0
55099,Price,Wisconsin,0
2198,Prince of Wales-Hyder,Alaska,0
8099,Prowers,Colorado,0
17155,Putnam,Illinois,0
51750,Radford City,Virginia,0
29173,Ralls,Missouri,0
38073,Ransom,North Dakota,0
20153,Rawlins,Kansas,0
31145,Red Willow,Nebraska,0
29179,Reynolds,Missouri,0
49033,Rich,Utah,0
8103,Rio Blanco,Colorado,0
54085,Ritchie,West Virginia,0
48393,Roberts,Texas,0
27135,Roseau,Minnesota,0
20165,Rush,Kansas,0
23023,Sagadahoc,Maine,0
51775,Salem City,Virginia,0
8111,San Juan,Colorado,0
53055,San Juan,Washington,0
8113,San Miguel,Colorado,0
35047,San Miguel,New Mexico,0
48411,San Saba,Texas,0
46111,Sanborn,South Dakota,0
49039,Sanpete,Utah,0
36095,Schoharie,New York,0
26153,Schoolcraft,Michigan,0
29197,Schuyler,Missouri,0
36097,Schuyler,New York,0
17171,Scott,Illinois,0
49041,Sevier,Utah,0
48417,Shackelford,Texas,0
20179,Sheridan,Kansas,0
30091,Sheridan,Montana,0
31161,Sheridan,Nebraska,0
20181,Sherman,Kansas,0
41055,Sherman,Oregon,0
6091,Sierra,California,0
30093,Silver Bow,Montana,0
31165,Sioux,Nebraska,0
6093,Siskiyou,California,0
2220,Sitka,Alaska,0
2230,Skagway,Alaska,0
38087,Slope,North Dakota,0
20183,Smith,Kansas,0
2240,Southeast Fairbanks,Alaska,0
21215,Spencer,Kentucky,0
46117,Stanley,South Dakota,0
31167,Stanton,Nebraska,0
51790,Staunton City,Virginia,0
38091,Steele,North Dakota,0
48431,Sterling,Texas,0
32029,Storey,Nevada,0
51800,Suffolk City,Virginia,0
46119,Sully,South Dakota,0
18155,Switzerland,Indiana,0
13265,Taliaferro,Georgia,0
48443,Terrell,Texas,0
30099,Teton,Montana,0
31169,Thayer,Nebraska,0
31171,Thomas,Nebraska,0
41057,Tillamook,Oregon,0
36109,Tompkins,New York,0
27155,Traverse,Minnesota,0
30103,Treasure,Montana,0
21221,Trigg,Kentucky,0
21223,Trimble,Kentucky,0
6105,Trinity,California,0
54093,Tucker,West Virginia,0
49047,Uintah,Utah,0
90004,Unassigned,Arizona,0
90013,Unassigned,Georgia,0
90017,Unassigned,Illinois,0
90018,Unassigned,Indiana,0
90022,Unassigned,Louisiana,0
90024,Unassigned,Maryland,0
90025,Unassigned,Massachusetts,0
90027,Unassigned,Minnesota,0
90031,Unassigned,Nebraska,0
90036,Unassigned,New York,0
72999,Unassigned,Puerto Rico,0
90044,Unassigned,Rhode Island,0
90047,Unassigned,Tennessee,0
90053,Unassigned,Washington,0
18161,Union,Indiana,0
51810,Virginia Beach City,Virginia,0
27157,Wabasha,Minnesota,0
27159,Wadena,Minnesota,0
53069,Wahkiakum,Washington,0
20199,Wallace,Kansas,0
8121,Washington,Colorado,0
20201,Washington,Kansas,0
23029,Washington,Maine,0
49053,Washington,Utah,0
40149,Washita,Oklahoma,0
21231,Wayne,Kentucky,0
31179,Wayne,Nebraska,0
49055,Wayne,Utah,0
51820,Waynesboro City,Virginia,0
49057,Weber,Utah,0
31181,Webster,Nebraska,0
54101,Webster,West Virginia,0
38103,Wells,North Dakota,0
56045,Weston,Wyoming,0
54103,Wetzel,West Virginia,0
31183,Wheeler,Nebraska,0
41069,Wheeler,Oregon,0
48483,Wheeler,Texas,0
30109,Wibaux,Montana,0
20203,Wichita,Kansas,0
51830,Williamsburg City,Virginia,0
51840,Winchester City,Virginia,0
54105,Wirt,West Virginia,0
21237,Wolfe,Kentucky,0
21239,Woodford,Kentucky,0
5147,Woodruff,Arkansas,0
40151,Woods,Oklahoma,0
20207,Woodson,Kansas,0
19195,Worth,Iowa,0
29227,Worth,Missouri,0
2275,Wrangell,Alaska,0
2282,Yakutat,Alaska,0
37199,Yancey,North Carolina,0
